_id,recvTime,fiwareServicePath,entityType,entityId,LAeq,LAeq_d,LAeq_den,LAeq_e,LAeq_n,dateObserved
1,2020-11-18T13:40:52.283Z,/sonometros,NoiseLevelObserved,T248676-daily,60.1,62.0,61.8,58.0,51.2,2020-11-17
2,2020-11-19T00:00:33.189Z,/sonometros,NoiseLevelObserved,T248676-daily,60.4,62.3,62.1,58.4,51.4,2020-11-18
3,2020-11-20T00:00:44.190Z,/sonometros,NoiseLevelObserved,T248676-daily,60.1,61.9,62.1,59.1,51.9,2020-11-19
4,2020-11-21T00:00:38.549Z,/sonometros,NoiseLevelObserved,T248676-daily,60.2,61.9,62.3,59.1,52.3,2020-11-20
5,2020-11-22T00:00:41.210Z,/sonometros,NoiseLevelObserved,T248676-daily,58.3,59.5,61.6,60.9,52.5,2020-11-21
6,2020-11-23T00:00:44.77Z,/sonometros,NoiseLevelObserved,T248676-daily,56.8,58.3,60.0,57.0,51.6,2020-11-22
7,2020-11-24T00:00:46.310Z,/sonometros,NoiseLevelObserved,T248676-daily,60.0,61.9,61.8,58.1,51.3,2020-11-23
8,2020-11-25T00:00:49.700Z,/sonometros,NoiseLevelObserved,T248676-daily,60.5,62.4,62.3,57.9,51.8,2020-11-24
9,2020-11-26T00:00:50.966Z,/sonometros,NoiseLevelObserved,T248676-daily,60.0,61.7,62.2,58.6,52.6,2020-11-25
10,2020-10-15 00:00:07.614,/sonometros,NoiseLevelObserved,T248676-daily,59.6,60.7,62.1,58.2,54.2,2020-10-14
11,2020-10-16 00:00:08.801,/sonometros,NoiseLevelObserved,T248676-daily,58.4,60.2,60.6,57.3,50.7,2020-10-15
12,2020-10-17 00:00:11.646,/sonometros,NoiseLevelObserved,T248676-daily,59.9,61.2,62.4,62.6,51.7,2020-10-16
13,2020-10-18 00:00:12.200,/sonometros,NoiseLevelObserved,T248676-daily,58.5,59.6,62.2,59.9,54.1,2020-10-17
14,2020-10-19 00:00:15.726,/sonometros,NoiseLevelObserved,T248676-daily,56.6,57.5,60.7,59.2,52.7,2020-10-18
15,2020-10-20 00:00:16.783,/sonometros,NoiseLevelObserved,T248676-daily,59.3,61.1,61.8,58.1,52.5,2020-10-19
16,2020-10-21 00:00:19.751,/sonometros,NoiseLevelObserved,T248676-daily,60.4,62.3,62.3,58.7,51.9,2020-10-20
17,2020-10-22 00:00:22.566,/sonometros,NoiseLevelObserved,T248676-daily,59.9,61.7,61.8,58.3,51.6,2020-10-21
18,2020-10-23 00:00:24.501,/sonometros,NoiseLevelObserved,T248676-daily,60,61.8,62.1,58.5,52.1,2020-10-22
19,2020-10-24 00:00:27.486,/sonometros,NoiseLevelObserved,T248676-daily,60.3,61.8,62.8,61.5,53,2020-10-23
20,2020-10-25 00:00:30.143,/sonometros,NoiseLevelObserved,T248676-daily,58.2,59.5,62,59,54.1,2020-10-24
21,2020-10-26 00:00:32.583,/sonometros,NoiseLevelObserved,T248676-daily,56,57.5,59.5,56.5,51,2020-10-25
22,2020-10-27 00:00:35.119,/sonometros,NoiseLevelObserved,T248676-daily,59.2,61.1,60.9,58.1,49.5,2020-10-26
23,2020-10-28 03:59:56.401,/sonometros,NoiseLevelObserved,T248676-daily,59.4,61.3,61.2,57.5,50.5,2020-10-27
24,2020-10-29 00:00:40.430,/sonometros,NoiseLevelObserved,T248676-daily,58.7,60.5,60.6,57.3,50.3,2020-10-28
25,2020-10-30 00:00:42.463,/sonometros,NoiseLevelObserved,T248676-daily,59.3,60.9,61.5,59.8,51.4,2020-10-29
26,2020-10-31 00:00:45.709,/sonometros,NoiseLevelObserved,T248676-daily,61.1,62.7,63.8,60,55,2020-10-30
27,2020-11-01 00:01:48.512,/sonometros,NoiseLevelObserved,T248676-daily,58.9,60.3,61.8,59.8,52.7,2020-10-31
28,2020-11-02 00:00:52.663,/sonometros,NoiseLevelObserved,T248676-daily,56.1,57.5,59,57.6,49.7,2020-11-01
29,2020-11-03 00:00:53.474,/sonometros,NoiseLevelObserved,T248676-daily,59.8,61.2,63.1,59.8,54.8,2020-11-02
30,2020-11-04 00:00:55.282,/sonometros,NoiseLevelObserved,T248676-daily,60.3,62.2,61.9,58.1,50.9,2020-11-03
31,2020-11-05 00:00:59.36,/sonometros,NoiseLevelObserved,T248676-daily,61.4,63,64.3,60.8,55.5,2020-11-04
32,2020-11-06 00:00:12.770,/sonometros,NoiseLevelObserved,T248676-daily,63.2,64.9,66.7,58.2,59,2020-11-05
33,2020-11-07 00:00:19.576,/sonometros,NoiseLevelObserved,T248676-daily,60.5,62.2,62.7,59.8,52.9,2020-11-06
34,2020-11-08 00:00:08.83,/sonometros,NoiseLevelObserved,T248676-daily,59.1,60.2,63.3,59,55.9,2020-11-07
35,2020-11-09 00:01:09.210,/sonometros,NoiseLevelObserved,T248676-daily,57.2,58.5,60.5,58.5,52,2020-11-08
36,2020-11-10 00:00:11.399,/sonometros,NoiseLevelObserved,T248676-daily,60,61.9,61.9,58,51.5,2020-11-09
37,2020-11-11 07:09:20.592,/sonometros,NoiseLevelObserved,T248676-daily,59.8,61.6,61.8,58.7,51.6,2020-11-10
38,2020-11-12 00:00:16.842,/sonometros,NoiseLevelObserved,T248676-daily,60.3,61.9,62.4,60.9,51.8,2020-11-11
39,2020-11-13 00:00:19.856,/sonometros,NoiseLevelObserved,T248676-daily,60,61.8,62.5,58.7,53.3,2020-11-12
40,2020-11-14 00:00:21.987,/sonometros,NoiseLevelObserved,T248676-daily,60.2,61.9,62.6,60.3,52.9,2020-11-13
41,2020-11-15 00:00:23.770,/sonometros,NoiseLevelObserved,T248676-daily,58.4,59.7,61.6,59.7,52.9,2020-11-14
42,2020-11-16 00:00:26.26,/sonometros,NoiseLevelObserved,T248676-daily,56.8,57.8,61.3,56.8,54.1,2020-11-15
43,2020-11-17 00:00:28.662,/sonometros,NoiseLevelObserved,T248676-daily,60,61.9,62,57.5,52.1,2020-11-16
44,2020-11-27T00:00:53.361Z,/sonometros,NoiseLevelObserved,T248676-daily,60.4,62.3,62.3,58.4,52.0,2020-11-26
45,2020-11-28T00:00:55.796Z,/sonometros,NoiseLevelObserved,T248676-daily,66.4,68.6,67.1,60.0,52.9,2020-11-27
46,2020-11-29T00:00:58.372Z,/sonometros,NoiseLevelObserved,T248676-daily,59.0,60.6,61.9,59.1,53.0,2020-11-28
47,2020-11-30T00:00:01.266Z,/sonometros,NoiseLevelObserved,T248676-daily,56.9,58.5,59.7,57.3,50.5,2020-11-29
48,2020-12-01T00:00:04.144Z,/sonometros,NoiseLevelObserved,T248676-daily,60.4,61.8,63.9,58.7,56.2,2020-11-30
49,2020-12-02T00:00:06.99Z,/sonometros,NoiseLevelObserved,T248676-daily,60.0,61.8,62.0,58.6,51.9,2020-12-01
50,2020-12-03T00:00:10.245Z,/sonometros,NoiseLevelObserved,T248676-daily,59.4,61.1,61.8,58.7,52.3,2020-12-02
51,2020-12-04T00:00:11.277Z,/sonometros,NoiseLevelObserved,T248676-daily,58.9,60.7,61.3,57.2,51.9,2020-12-03
52,2020-12-05T00:00:13.116Z,/sonometros,NoiseLevelObserved,T248676-daily,60.0,61.8,62.6,58.5,53.6,2020-12-04
53,2020-12-06T00:00:15.501Z,/sonometros,NoiseLevelObserved,T248676-daily,57.5,59.1,60.3,57.4,51.4,2020-12-05
54,2020-12-07T01:55:37.20Z,/sonometros,NoiseLevelObserved,T248676-daily,56.4,57.9,59.4,56.4,50.8,2020-12-06
55,2020-12-08T00:00:20.95Z,/sonometros,NoiseLevelObserved,T248676-daily,60.1,61.9,62.2,59.7,51.7,2020-12-07
56,2020-12-09T00:00:21.675Z,/sonometros,NoiseLevelObserved,T248676-daily,55.7,57.2,58.6,56.4,49.5,2020-12-08
57,2020-12-10T00:00:23.412Z,/sonometros,NoiseLevelObserved,T248676-daily,76.1,78.5,76.2,54.3,50.6,2020-12-09
58,2020-12-11T00:00:26.815Z,/sonometros,NoiseLevelObserved,T248676-daily,68.0,70.3,68.4,56.7,52.2,2020-12-10
59,2020-12-12T00:00:29.330Z,/sonometros,NoiseLevelObserved,T248676-daily,63.3,65.3,64.7,59.8,53.3,2020-12-11
60,2020-12-13T00:00:31.938Z,/sonometros,NoiseLevelObserved,T248676-daily,56.7,57.7,60.8,58.7,52.9,2020-12-12
61,2020-12-14T00:00:34.856Z,/sonometros,NoiseLevelObserved,T248676-daily,54.6,56.2,57.4,54.5,48.5,2020-12-13
62,2020-12-15T00:00:36.777Z,/sonometros,NoiseLevelObserved,T248676-daily,59.4,61.3,61.4,55.4,51.9,2020-12-14
63,2020-12-16T00:00:41.91Z,/sonometros,NoiseLevelObserved,T248676-daily,57.5,59.3,60.1,54.6,51.2,2020-12-15
64,2020-12-17T00:00:41.951Z,/sonometros,NoiseLevelObserved,T248676-daily,58.2,60.1,60.2,56.2,50.2,2020-12-16
65,2020-12-18T00:00:44.634Z,/sonometros,NoiseLevelObserved,T248676-daily,58.8,60.6,61.2,55.5,52.3,2020-12-17
66,2020-12-19T00:00:47.256Z,/sonometros,NoiseLevelObserved,T248676-daily,58.6,60.2,61.1,58.5,51.7,2020-12-18
67,2020-12-20T00:00:49.460Z,/sonometros,NoiseLevelObserved,T248676-daily,57.5,58.6,61.1,59.8,52.7,2020-12-19
68,2020-12-21T00:00:52.959Z,/sonometros,NoiseLevelObserved,T248676-daily,54.3,55.7,57.6,53.4,49.6,2020-12-20
69,2020-12-22T00:00:54.839Z,/sonometros,NoiseLevelObserved,T248676-daily,60.3,62.3,61.9,57.7,50.8,2020-12-21
70,2020-12-23T00:00:55.905Z,/sonometros,NoiseLevelObserved,T248676-daily,60.9,62.8,62.7,60.6,51.4,2020-12-22
71,2020-12-25T00:00:25.269Z,/sonometros,NoiseLevelObserved,T248676-daily,60.5,61.4,61.8,52.1,55.1,2020-12-24
72,2020-12-26T00:00:27.865Z,/sonometros,NoiseLevelObserved,T248676-daily,55.2,56.6,58.0,57.1,48.4,2020-12-25
73,2020-12-27T00:00:29.375Z,/sonometros,NoiseLevelObserved,T248676-daily,59.6,61.4,61.4,58.2,50.8,2020-12-26
74,2020-12-28T00:00:31.985Z,/sonometros,NoiseLevelObserved,T248676-daily,55.9,57.6,57.7,56.9,45.7,2020-12-27
75,2020-12-29T00:00:03.302Z,/sonometros,NoiseLevelObserved,T248676-daily,58.4,60.3,60.9,57.4,51.4,2020-12-28
76,2020-12-30T00:00:04.477Z,/sonometros,NoiseLevelObserved,T248676-daily,59.9,61.8,61.8,57.9,51.4,2020-12-29
77,2020-12-31T00:00:06.925Z,/sonometros,NoiseLevelObserved,T248676-daily,60.5,62.4,62.5,59.0,52.1,2020-12-30
78,2021-01-01T00:00:08.82Z,/sonometros,NoiseLevelObserved,T248676-daily,62.5,64.6,63.9,57.6,52.8,2020-12-31
79,2021-01-02T00:00:10.289Z,/sonometros,NoiseLevelObserved,T248676-daily,55.2,56.6,58.2,56.1,49.3,2021-01-01
80,2021-01-03T00:01:12.737Z,/sonometros,NoiseLevelObserved,T248676-daily,57.2,58.6,60.1,58.6,51.0,2021-01-02
81,2021-01-04T00:00:16.159Z,/sonometros,NoiseLevelObserved,T248676-daily,55.3,56.8,57.4,57.2,46.0,2021-01-03
82,2021-01-05T00:00:18.122Z,/sonometros,NoiseLevelObserved,T248676-daily,58.9,60.7,61.0,57.2,51.1,2021-01-04
83,2021-01-06T02:55:23.841Z,/sonometros,NoiseLevelObserved,T248676-daily,59.5,61.3,61.6,58.1,51.8,2021-01-05
84,2021-01-07T00:00:21.432Z,/sonometros,NoiseLevelObserved,T248676-daily,57.0,57.5,60.6,61.9,50.8,2021-01-06
85,2021-01-08T00:00:23.662Z,/sonometros,NoiseLevelObserved,T248676-daily,61.3,63.2,63.2,58.9,53.1,2021-01-07
86,2021-01-09T00:00:25.901Z,/sonometros,NoiseLevelObserved,T248676-daily,61.5,63.2,63.7,60.1,54.2,2021-01-08
87,2021-01-10T00:00:26.744Z,/sonometros,NoiseLevelObserved,T248676-daily,59.3,60.9,62.2,58.6,53.6,2021-01-09
88,2021-01-11T00:00:29.981Z,/sonometros,NoiseLevelObserved,T248676-daily,56.0,57.8,57.3,55.9,43.8,2021-01-10
89,2021-01-12T00:00:31.33Z,/sonometros,NoiseLevelObserved,T248676-daily,59.7,61.6,61.6,56.8,51.5,2021-01-11
90,2021-01-13T00:00:34.874Z,/sonometros,NoiseLevelObserved,T248676-daily,59.7,61.5,62.2,56.4,53.3,2021-01-12
91,2021-01-14T00:00:36.61Z,/sonometros,NoiseLevelObserved,T248676-daily,70.5,72.8,70.7,55.6,52.2,2021-01-13
92,2021-01-15T02:10:46.931Z,/sonometros,NoiseLevelObserved,T248676-daily,58.8,60.7,60.6,55.2,50.4,2021-01-14
93,2021-01-16T00:00:40.477Z,/sonometros,NoiseLevelObserved,T248676-daily,58.0,59.9,59.5,55.2,48.6,2021-01-15
94,2021-01-17T00:00:41.989Z,/sonometros,NoiseLevelObserved,T248676-daily,56.3,58.1,58.4,55.2,48.4,2021-01-16
95,2021-01-18T00:00:47.261Z,/sonometros,NoiseLevelObserved,T248676-daily,54.2,55.6,57.1,55.5,48.0,2021-01-17
96,2021-01-19T00:00:47.259Z,/sonometros,NoiseLevelObserved,T248676-daily,58.7,60.7,60.1,55.6,48.6,2021-01-18
97,2021-01-20T00:00:49.872Z,/sonometros,NoiseLevelObserved,T248676-daily,59.6,61.4,61.3,59.3,50.0,2021-01-19
98,2021-01-21T00:00:51.985Z,/sonometros,NoiseLevelObserved,T248676-daily,58.4,60.4,60.2,55.8,49.7,2021-01-20
99,2021-01-22T00:00:53.953Z,/sonometros,NoiseLevelObserved,T248676-daily,59.7,61.7,61.5,55.2,51.3,2021-01-21
100,2021-01-23T00:00:57.30Z,/sonometros,NoiseLevelObserved,T248676-daily,53.9,55.7,55.8,53.5,45.1,2021-01-22
101,2021-01-24T00:00:01.521Z,/sonometros,NoiseLevelObserved,T248676-daily,56.0,57.7,58.2,55.1,48.3,2021-01-23
102,2021-01-25T00:00:19.247Z,/sonometros,NoiseLevelObserved,T248676-daily,54.1,55.6,57.3,53.7,49.0,2021-01-24
103,2021-01-26T00:00:37.930Z,/sonometros,NoiseLevelObserved,T248676-daily,58.8,60.9,60.1,54.4,48.6,2021-01-25
104,2021-01-27T00:00:06.709Z,/sonometros,NoiseLevelObserved,T248676-daily,58.2,60.2,60.3,54.5,50.6,2021-01-26
105,2021-01-28T00:00:13.603Z,/sonometros,NoiseLevelObserved,T248676-daily,58.0,59.9,59.6,56.3,48.3,2021-01-27
106,2021-01-29T00:00:12.945Z,/sonometros,NoiseLevelObserved,T248676-daily,58.1,60.0,60.4,54.8,51.1,2021-01-28
107,2021-01-30T00:00:15.629Z,/sonometros,NoiseLevelObserved,T248676-daily,58.0,60.0,59.5,56.7,47.3,2021-01-29
108,2021-01-31T00:00:17.637Z,/sonometros,NoiseLevelObserved,T248676-daily,56.2,57.6,59.3,56.9,50.7,2021-01-30
109,2021-02-01T00:00:19.871Z,/sonometros,NoiseLevelObserved,T248676-daily,54.2,55.4,57.7,56.6,49.1,2021-01-31
110,2021-02-02T00:00:22.879Z,/sonometros,NoiseLevelObserved,T248676-daily,57.7,59.6,59.6,55.8,49.3,2021-02-01
111,2021-02-03T00:00:24.641Z,/sonometros,NoiseLevelObserved,T248676-daily,58.0,59.9,60.1,54.3,50.6,2021-02-02
112,2021-02-04T00:00:27.440Z,/sonometros,NoiseLevelObserved,T248676-daily,59.3,61.4,60.6,56.7,48.4,2021-02-03
113,2021-02-05T00:00:29.721Z,/sonometros,NoiseLevelObserved,T248676-daily,60.8,62.8,62.1,56.7,50.5,2021-02-04
114,2021-02-06T00:00:33.18Z,/sonometros,NoiseLevelObserved,T248676-daily,59.7,61.7,61.4,57.3,50.4,2021-02-05
115,2021-02-07T00:01:33.739Z,/sonometros,NoiseLevelObserved,T248676-daily,56.5,57.7,59.4,59.2,49.8,2021-02-06
116,2021-02-08T00:00:36.487Z,/sonometros,NoiseLevelObserved,T248676-daily,54.0,55.3,57.7,53.9,49.9,2021-02-07
117,2021-02-09T00:00:38.811Z,/sonometros,NoiseLevelObserved,T248676-daily,57.9,59.7,60.1,54.5,50.8,2021-02-08
118,2021-02-10T00:00:41.383Z,/sonometros,NoiseLevelObserved,T248676-daily,58.4,60.4,60.2,55.7,49.7,2021-02-09
119,2021-02-11T00:00:53.884Z,/sonometros,NoiseLevelObserved,T248676-daily,58.6,60.5,60.6,55.5,50.8,2021-02-10
120,2021-02-12T00:00:54.904Z,/sonometros,NoiseLevelObserved,T248676-daily,59.5,61.5,61.0,55.4,50.2,2021-02-11
121,2021-02-13T00:00:56.747Z,/sonometros,NoiseLevelObserved,T248676-daily,58.1,60.0,60.0,56.2,49.7,2021-02-12
122,2021-02-14T00:00:00.460Z,/sonometros,NoiseLevelObserved,T248676-daily,56.0,57.6,58.6,56.6,49.1,2021-02-13
123,2021-02-15T00:00:10.202Z,/sonometros,NoiseLevelObserved,T248676-daily,55.5,56.8,59.1,56.5,50.9,2021-02-14
124,2021-02-16T00:00:25.348Z,/sonometros,NoiseLevelObserved,T248676-daily,59.1,60.9,61.6,55.0,52.8,2021-02-15
125,2021-02-17T00:00:16.295Z,/sonometros,NoiseLevelObserved,T248676-daily,58.4,60.2,60.9,54.9,52.1,2021-02-16
126,2021-03-04T00:00:57.749Z,/sonometros,NoiseLevelObserved,T248676-daily,52.6,inf,60.9,52.4,52.8,2021-03-03
127,2021-03-05T05:16:55.303Z,/sonometros,NoiseLevelObserved,T248676-daily,59.4,61.2,61.6,57.0,52.0,2021-03-04
128,2021-03-06T00:00:08.157Z,/sonometros,NoiseLevelObserved,T248676-daily,59.6,61.5,61.4,57.4,50.8,2021-03-05
129,2021-03-07T00:00:10.254Z,/sonometros,NoiseLevelObserved,T248676-daily,57.5,59.2,60.1,56.9,50.8,2021-03-06
130,2021-03-08T00:00:09.883Z,/sonometros,NoiseLevelObserved,T248676-daily,57.4,59.0,59.9,57.3,50.6,2021-03-07
131,2021-03-09T00:00:18.618Z,/sonometros,NoiseLevelObserved,T248676-daily,60.4,62.3,62.4,56.5,52.7,2021-03-08
132,2021-03-10T00:00:15.733Z,/sonometros,NoiseLevelObserved,T248676-daily,58.8,60.7,60.8,55.8,51.1,2021-03-09
133,2021-03-11T00:00:20.159Z,/sonometros,NoiseLevelObserved,T248676-daily,58.9,60.8,61.2,55.9,51.8,2021-03-10
134,2021-03-12T22:27:18.233Z,/sonometros,NoiseLevelObserved,T248676-daily,58.7,60.6,60.6,56.1,50.4,2021-03-11
135,2021-03-13T00:00:24.731Z,/sonometros,NoiseLevelObserved,T248676-daily,62.1,64.2,63.2,57.4,50.8,2021-03-12
136,2021-03-14T00:00:20.782Z,/sonometros,NoiseLevelObserved,T248676-daily,57.3,59.0,59.6,56.3,50.0,2021-03-13
137,2021-03-15T00:00:23.477Z,/sonometros,NoiseLevelObserved,T248676-daily,55.3,56.5,58.4,58.3,48.7,2021-03-14
138,2021-03-16T00:00:26.207Z,/sonometros,NoiseLevelObserved,T248676-daily,59.4,61.2,61.1,58.7,50.0,2021-03-15
139,2021-03-17T00:01:28.331Z,/sonometros,NoiseLevelObserved,T248676-daily,65.2,67.4,65.7,54.6,51.0,2021-03-16
140,2021-03-18T00:00:31.320Z,/sonometros,NoiseLevelObserved,T248676-daily,59.6,61.6,60.8,55.9,48.8,2021-03-17
141,2021-03-19T00:00:33.9Z,/sonometros,NoiseLevelObserved,T248676-daily,60.9,62.4,62.8,62.9,50.3,2021-03-18
142,2021-03-20T00:00:35.366Z,/sonometros,NoiseLevelObserved,T248676-daily,61.9,63.4,63.7,64.7,49.2,2021-03-19
143,2021-03-21T00:00:37.723Z,/sonometros,NoiseLevelObserved,T248676-daily,61.9,64.1,63.0,55.9,50.8,2021-03-20
144,2021-03-22T00:00:40.612Z,/sonometros,NoiseLevelObserved,T248676-daily,55.4,57.1,57.4,56.3,46.0,2021-03-21
145,2021-03-23T00:00:43.692Z,/sonometros,NoiseLevelObserved,T248676-daily,58.9,60.8,60.5,57.1,49.2,2021-03-22
146,2021-03-24T00:00:46.103Z,/sonometros,NoiseLevelObserved,T248676-daily,58.4,60.2,60.4,57.2,50.3,2021-03-23
147,2021-03-25T00:00:48.329Z,/sonometros,NoiseLevelObserved,T248676-daily,59.0,60.5,62.6,55.0,55.1,2021-03-24
148,2021-03-26T00:00:51.251Z,/sonometros,NoiseLevelObserved,T248676-daily,62.2,64.3,63.3,57.5,51.2,2021-03-25
149,2021-03-27T00:00:53.305Z,/sonometros,NoiseLevelObserved,T248676-daily,60.6,62.6,62.1,57.9,50.9,2021-03-26
150,2021-03-28T00:00:56.43Z,/sonometros,NoiseLevelObserved,T248676-daily,57.5,59.3,59.4,56.8,48.8,2021-03-27
151,2021-03-29T00:00:00.620Z,/sonometros,NoiseLevelObserved,T248676-daily,55.4,56.8,57.6,57.0,46.7,2021-03-28
152,2021-03-30T00:00:02.673Z,/sonometros,NoiseLevelObserved,T248676-daily,59.2,61.1,61.0,55.6,50.9,2021-03-29
153,2021-03-31T00:00:04.693Z,/sonometros,NoiseLevelObserved,T248676-daily,58.9,60.7,61.0,57.0,51.2,2021-03-30
154,2021-04-01T00:00:16.138Z,/sonometros,NoiseLevelObserved,T248676-daily,60.2,62.2,62.0,57.0,51.5,2021-03-31
155,2021-04-02T00:00:09.295Z,/sonometros,NoiseLevelObserved,T248676-daily,58.6,60.4,60.7,57.6,50.5,2021-04-01
156,2021-04-03T00:00:22.22Z,/sonometros,NoiseLevelObserved,T248676-daily,55.0,56.7,56.9,56.2,44.9,2021-04-02
157,2021-04-04T00:00:15.532Z,/sonometros,NoiseLevelObserved,T248676-daily,56.6,58.4,58.8,55.9,48.8,2021-04-03
158,2021-04-05T00:00:17.867Z,/sonometros,NoiseLevelObserved,T248676-daily,54.7,56.3,56.7,56.1,45.2,2021-04-04
159,2021-04-06T00:00:20.628Z,/sonometros,NoiseLevelObserved,T248676-daily,56.2,56.9,59.4,61.1,48.8,2021-04-05
160,2021-04-07T00:00:25.226Z,/sonometros,NoiseLevelObserved,T248676-daily,58.8,60.7,60.8,55.2,51.0,2021-04-06
161,2021-04-08T00:00:23.765Z,/sonometros,NoiseLevelObserved,T248676-daily,58.4,60.3,60.4,57.0,50.1,2021-04-07
162,2021-04-09T00:00:25.237Z,/sonometros,NoiseLevelObserved,T248676-daily,59.4,61.3,61.4,56.7,51.5,2021-04-08
163,2021-04-10T00:00:29.231Z,/sonometros,NoiseLevelObserved,T248676-daily,59.8,61.7,61.4,57.7,50.3,2021-04-09
164,2021-04-11T00:00:29.978Z,/sonometros,NoiseLevelObserved,T248676-daily,58.2,59.9,60.7,57.7,51.4,2021-04-10
165,2021-04-12T00:00:32.381Z,/sonometros,NoiseLevelObserved,T248676-daily,55.5,57.2,57.3,56.5,45.5,2021-04-11
166,2021-04-13T00:00:35.287Z,/sonometros,NoiseLevelObserved,T248676-daily,56.0,57.3,59.4,57.7,50.8,2021-04-12
167,2021-04-14T00:00:38.867Z,/sonometros,NoiseLevelObserved,T248676-daily,59.4,61.4,61.2,56.6,50.8,2021-04-13
168,2021-04-15T00:00:39.842Z,/sonometros,NoiseLevelObserved,T248676-daily,59.3,61.3,61.1,56.0,50.8,2021-04-14
169,2021-04-16T00:00:42.594Z,/sonometros,NoiseLevelObserved,T248676-daily,59.2,60.9,61.4,59.4,51.2,2021-04-15
170,2021-04-17T00:00:44.965Z,/sonometros,NoiseLevelObserved,T248676-daily,60.0,61.6,63.1,59.8,54.6,2021-04-16
171,2021-04-18T00:00:47.459Z,/sonometros,NoiseLevelObserved,T248676-daily,56.9,58.4,59.7,57.1,50.7,2021-04-17
172,2021-04-19T00:00:50.184Z,/sonometros,NoiseLevelObserved,T248676-daily,54.9,56.6,56.7,56.1,44.4,2021-04-18
173,2021-04-20T00:00:52.875Z,/sonometros,NoiseLevelObserved,T248676-daily,58.8,60.4,60.9,60.0,49.8,2021-04-19
174,2021-04-21T00:00:54.268Z,/sonometros,NoiseLevelObserved,T248676-daily,59.6,61.3,62.5,55.2,54.3,2021-04-20
175,2021-04-22T00:02:57.614Z,/sonometros,NoiseLevelObserved,T248676-daily,59.4,61.2,61.6,57.9,51.9,2021-04-21
176,2021-04-23T00:20:06.356Z,/sonometros,NoiseLevelObserved,T248676-daily,60.0,61.8,62.5,57.3,53.5,2021-04-22
177,2021-04-24T00:00:05.704Z,/sonometros,NoiseLevelObserved,T248676-daily,60.9,62.8,62.7,57.5,52.7,2021-04-23
178,2021-04-25T00:00:20.609Z,/sonometros,NoiseLevelObserved,T248676-daily,59.3,61.1,61.4,58.5,51.1,2021-04-24
179,2021-04-26T00:00:15.375Z,/sonometros,NoiseLevelObserved,T248676-daily,56.5,58.1,59.0,57.4,49.1,2021-04-25
180,2021-04-27T00:00:15.584Z,/sonometros,NoiseLevelObserved,T248676-daily,60.1,61.6,63.6,58.3,55.8,2021-04-26
181,2021-04-28T00:00:15.813Z,/sonometros,NoiseLevelObserved,T248676-daily,61.2,63.0,63.1,59.7,52.7,2021-04-27
182,2021-04-29T00:00:18.655Z,/sonometros,NoiseLevelObserved,T248676-daily,60.2,62.1,62.4,56.9,53.0,2021-04-28
183,2021-04-30T00:00:22.385Z,/sonometros,NoiseLevelObserved,T248676-daily,59.3,61.0,61.6,58.7,52.0,2021-04-29
184,2021-05-01T00:00:21.223Z,/sonometros,NoiseLevelObserved,T248676-daily,60.1,61.6,63.1,60.0,54.5,2021-04-30
185,2021-05-02T00:00:22.612Z,/sonometros,NoiseLevelObserved,T248676-daily,57.7,58.8,61.3,60.2,52.8,2021-05-01
186,2021-05-03T00:00:26.285Z,/sonometros,NoiseLevelObserved,T248676-daily,56.7,58.3,58.9,58.0,48.0,2021-05-02
187,2021-05-04T00:00:27.803Z,/sonometros,NoiseLevelObserved,T248676-daily,58.8,60.7,60.9,56.7,50.9,2021-05-03
188,2021-05-05T00:00:29.972Z,/sonometros,NoiseLevelObserved,T248676-daily,60.7,62.7,62.2,56.9,51.3,2021-05-04
189,2021-05-06T00:00:33.561Z,/sonometros,NoiseLevelObserved,T248676-daily,58.8,60.7,60.6,57.1,49.9,2021-05-05
190,2021-05-07T00:00:36.213Z,/sonometros,NoiseLevelObserved,T248676-daily,58.7,60.3,60.7,59.2,49.9,2021-05-06
191,2021-05-08T00:00:38.888Z,/sonometros,NoiseLevelObserved,T248676-daily,59.5,61.3,61.3,59.4,49.8,2021-05-07
192,2021-05-09T00:00:41.656Z,/sonometros,NoiseLevelObserved,T248676-daily,57.3,58.8,59.4,59.3,48.0,2021-05-08
193,2021-05-10T00:00:43.801Z,/sonometros,NoiseLevelObserved,T248676-daily,57.4,59.1,59.8,57.5,49.9,2021-05-09
194,2021-05-11T00:00:46.507Z,/sonometros,NoiseLevelObserved,T248676-daily,59.2,61.2,60.8,57.3,49.5,2021-05-10
195,2021-05-12T00:00:49.523Z,/sonometros,NoiseLevelObserved,T248676-daily,58.3,59.9,61.2,57.3,52.7,2021-05-11
196,2021-05-13T00:00:51.867Z,/sonometros,NoiseLevelObserved,T248676-daily,58.7,60.5,60.7,56.6,50.9,2021-05-12
197,2021-05-14T00:00:56.49Z,/sonometros,NoiseLevelObserved,T248676-daily,57.9,59.8,59.8,56.6,49.2,2021-05-13
198,2021-05-15T00:00:02.253Z,/sonometros,NoiseLevelObserved,T248676-daily,59.1,60.8,61.8,58.5,52.8,2021-05-14
199,2021-05-16T00:00:18.557Z,/sonometros,NoiseLevelObserved,T248676-daily,56.8,57.6,60.8,59.6,52.8,2021-05-15
200,2021-05-17T00:00:05.609Z,/sonometros,NoiseLevelObserved,T248676-daily,55.1,56.3,58.2,57.1,49.1,2021-05-16
201,2021-05-18T02:00:46.866Z,/sonometros,NoiseLevelObserved,T248676-daily,58.7,60.5,61.1,57.6,51.5,2021-05-17
202,2021-05-19T00:01:08.349Z,/sonometros,NoiseLevelObserved,T248676-daily,59.0,60.7,61.3,58.9,51.4,2021-05-18
203,2021-05-20T00:00:23.317Z,/sonometros,NoiseLevelObserved,T248676-daily,58.6,60.4,60.6,57.7,50.2,2021-05-19
204,2021-05-21T00:00:15.565Z,/sonometros,NoiseLevelObserved,T248676-daily,58.9,60.7,61.0,58.3,50.8,2021-05-20
205,2021-05-22T00:00:18.495Z,/sonometros,NoiseLevelObserved,T248676-daily,59.7,61.3,62.4,59.3,53.5,2021-05-21
206,2021-05-23T00:00:13.2Z,/sonometros,NoiseLevelObserved,T248676-daily,57.4,58.3,61.9,59.0,54.5,2021-05-22
207,2021-05-24T00:00:16.306Z,/sonometros,NoiseLevelObserved,T248676-daily,57.3,58.7,60.5,58.2,52.0,2021-05-23
208,2021-05-25T00:00:19.113Z,/sonometros,NoiseLevelObserved,T248676-daily,58.5,60.1,61.5,58.2,52.9,2021-05-24
209,2021-05-26T00:00:20.894Z,/sonometros,NoiseLevelObserved,T248676-daily,59.3,60.9,61.6,59.5,51.6,2021-05-25
210,2021-05-27T00:00:24.281Z,/sonometros,NoiseLevelObserved,T248676-daily,58.7,60.4,61.1,57.5,51.8,2021-05-26
211,2021-05-28T00:00:24.767Z,/sonometros,NoiseLevelObserved,T248676-daily,58.9,60.4,61.5,59.6,52.1,2021-05-27
212,2021-05-29T00:00:27.603Z,/sonometros,NoiseLevelObserved,T248676-daily,59.8,61.4,62.3,60.7,52.4,2021-05-28
213,2021-05-30T00:00:30.355Z,/sonometros,NoiseLevelObserved,T248676-daily,57.2,58.3,61.3,58.0,53.7,2021-05-29
214,2021-05-31T00:00:33.93Z,/sonometros,NoiseLevelObserved,T248676-daily,56.0,56.8,60.5,57.8,53.2,2021-05-30
215,2021-06-01T00:01:35.739Z,/sonometros,NoiseLevelObserved,T248676-daily,58.6,60.5,60.7,56.9,50.6,2021-05-31
216,2021-06-02T00:00:38.889Z,/sonometros,NoiseLevelObserved,T248676-daily,60.0,61.9,61.7,58.5,50.7,2021-06-01
217,2021-06-03T00:00:42.131Z,/sonometros,NoiseLevelObserved,T248676-daily,59.0,60.7,61.3,58.3,51.6,2021-06-02
218,2021-06-04T00:00:44.771Z,/sonometros,NoiseLevelObserved,T248676-daily,58.6,60.3,61.0,58.2,51.5,2021-06-03
219,2021-06-05T00:00:47.738Z,/sonometros,NoiseLevelObserved,T248676-daily,59.7,61.2,62.7,60.3,53.9,2021-06-04
220,2021-06-06T00:00:50.839Z,/sonometros,NoiseLevelObserved,T248676-daily,58.6,60.0,61.8,59.0,53.3,2021-06-05
221,2021-06-07T00:00:52.883Z,/sonometros,NoiseLevelObserved,T248676-daily,55.6,56.5,59.9,57.6,52.3,2021-06-06
222,2021-06-08T00:00:55.155Z,/sonometros,NoiseLevelObserved,T248676-daily,60.1,62.0,61.8,57.5,51.1,2021-06-07
223,2021-06-09T00:00:59.230Z,/sonometros,NoiseLevelObserved,T248676-daily,60.0,62.0,61.7,57.4,50.9,2021-06-08
224,2021-06-10T00:00:05.933Z,/sonometros,NoiseLevelObserved,T248676-daily,58.9,60.5,61.5,58.8,52.3,2021-06-09
225,2021-06-11T00:00:20.918Z,/sonometros,NoiseLevelObserved,T248676-daily,58.5,60.1,61.2,58.8,52.0,2021-06-10
226,2021-06-12T00:00:14.145Z,/sonometros,NoiseLevelObserved,T248676-daily,59.7,61.2,62.5,60.0,53.5,2021-06-11
227,2021-06-13T00:00:26.478Z,/sonometros,NoiseLevelObserved,T248676-daily,59.8,61.4,62.8,58.2,54.5,2021-06-12
228,2021-06-14T00:00:50.361Z,/sonometros,NoiseLevelObserved,T248676-daily,56.2,57.1,60.7,57.8,53.4,2021-06-13
229,2021-06-15T00:00:20.221Z,/sonometros,NoiseLevelObserved,T248676-daily,58.4,59.9,61.3,58.4,52.6,2021-06-14
230,2021-06-16T00:00:29.819Z,/sonometros,NoiseLevelObserved,T248676-daily,58.0,59.4,60.6,57.4,51.9,2021-06-15
231,2021-06-17T00:00:33.338Z,/sonometros,NoiseLevelObserved,T248676-daily,58.8,60.5,61.6,57.8,52.8,2021-06-16
232,2021-06-18T01:55:44.181Z,/sonometros,NoiseLevelObserved,T248676-daily,58.8,60.2,62.4,58.1,54.5,2021-06-17
233,2021-06-19T00:00:39.614Z,/sonometros,NoiseLevelObserved,T248676-daily,59.9,61.4,63.1,59.4,54.7,2021-06-18
234,2021-06-20T00:00:42.539Z,/sonometros,NoiseLevelObserved,T248676-daily,59.6,60.9,63.0,60.9,54.5,2021-06-19
235,2021-06-21T00:00:44.248Z,/sonometros,NoiseLevelObserved,T248676-daily,55.4,56.0,60.3,56.9,53.3,2021-06-20
236,2021-08-25T00:00:56.660Z,/sonometros,NoiseLevelObserved,T248676-daily,61.9,63.8,64.0,57.8,54.6,2021-08-24
237,2021-08-26T00:00:59.563Z,/sonometros,NoiseLevelObserved,T248676-daily,58.7,59.9,62.6,58.4,55.1,2021-08-25
238,2021-08-27T00:00:03.675Z,/sonometros,NoiseLevelObserved,T248676-daily,57.5,59.1,60.3,57.5,51.4,2021-08-26
239,2021-08-28T00:00:05.812Z,/sonometros,NoiseLevelObserved,T248676-daily,58.0,59.4,61.1,59.0,52.3,2021-08-27
240,2021-08-29T00:02:08.826Z,/sonometros,NoiseLevelObserved,T248676-daily,56.0,57.0,60.0,57.8,52.2,2021-08-28
241,2021-08-30T00:00:11.713Z,/sonometros,NoiseLevelObserved,T248676-daily,55.5,56.4,59.6,58.0,51.7,2021-08-29
242,2021-08-31T00:00:21.161Z,/sonometros,NoiseLevelObserved,T248676-daily,60.1,61.9,62.7,58.5,53.6,2021-08-30
243,2021-09-01T00:01:16.581Z,/sonometros,NoiseLevelObserved,T248676-daily,65.1,63.3,69.1,73.6,54.5,2021-08-31
244,2021-09-02T00:00:21.219Z,/sonometros,NoiseLevelObserved,T248676-daily,69.5,66.4,74.6,78.1,64.6,2021-09-01
245,2021-09-03T00:00:23.267Z,/sonometros,NoiseLevelObserved,T248676-daily,67.1,68.8,69.5,66.9,59.9,2021-09-02
246,2021-09-04T00:00:25.829Z,/sonometros,NoiseLevelObserved,T248676-daily,70.2,68.1,76.2,76.9,68.8,2021-09-03
247,2021-09-05T00:00:28.316Z,/sonometros,NoiseLevelObserved,T248676-daily,71.9,71.4,76.0,78.8,65.4,2021-09-04
248,2021-09-06T00:00:34.505Z,/sonometros,NoiseLevelObserved,T248676-daily,83.3,85.5,84.1,78.8,69.3,2021-09-05
249,2021-09-07T00:00:34.942Z,/sonometros,NoiseLevelObserved,T248676-daily,62.4,61.6,69.7,58.3,64.0,2021-09-06
250,2021-09-08T00:00:37.40Z,/sonometros,NoiseLevelObserved,T248676-daily,61.6,62.6,64.7,65.3,54.9,2021-09-07
251,2021-09-09T00:00:40.137Z,/sonometros,NoiseLevelObserved,T248676-daily,62.8,64.5,65.2,61.2,56.0,2021-09-08
252,2021-09-10T00:00:42.940Z,/sonometros,NoiseLevelObserved,T248676-daily,60.4,61.8,63.6,61.0,55.1,2021-09-09
253,2021-09-11T00:01:45.995Z,/sonometros,NoiseLevelObserved,T248676-daily,61.2,62.4,64.7,63.4,56.2,2021-09-10
254,2021-09-12T00:00:48.956Z,/sonometros,NoiseLevelObserved,T248676-daily,59.1,60.0,63.8,60.0,56.7,2021-09-11
255,2021-09-13T00:00:51.836Z,/sonometros,NoiseLevelObserved,T248676-daily,57.9,58.5,63.1,58.8,56.3,2021-09-12
256,2021-09-14T00:00:54.952Z,/sonometros,NoiseLevelObserved,T248676-daily,59.8,61.4,62.8,58.0,54.5,2021-09-13
257,2021-09-15T00:00:57.708Z,/sonometros,NoiseLevelObserved,T248676-daily,61.0,62.5,64.0,61.5,55.3,2021-09-14
290,2021-09-16T00:00:08.715Z,/sonometros,NoiseLevelObserved,T248676-daily,59.7,61.4,62.2,59.5,52.8,2021-09-15
291,2021-09-17T00:00:14.625Z,/sonometros,NoiseLevelObserved,T248676-daily,60.2,61.9,62.8,59.5,53.5,2021-09-16
292,2021-09-18T00:00:07.206Z,/sonometros,NoiseLevelObserved,T248676-daily,61.3,62.5,64.2,63.9,54.5,2021-09-17
293,2021-09-19T00:00:10.895Z,/sonometros,NoiseLevelObserved,T248676-daily,60.6,60.9,65.8,62.6,59.0,2021-09-18
294,2021-09-20T00:00:20.71Z,/sonometros,NoiseLevelObserved,T248676-daily,58.8,58.2,65.0,62.1,58.5,2021-09-19
295,2021-09-21T00:00:17.919Z,/sonometros,NoiseLevelObserved,T248676-daily,59.6,61.1,63.0,59.5,54.9,2021-09-20
328,2021-09-22T00:00:19.538Z,/sonometros,NoiseLevelObserved,T248676-daily,61.6,63.5,63.7,57.8,54.1,2021-09-21
329,2021-09-23T00:00:25.306Z,/sonometros,NoiseLevelObserved,T248676-daily,60.0,61.6,62.8,59.4,53.9,2021-09-22
330,2021-09-24T00:00:23.118Z,/sonometros,NoiseLevelObserved,T248676-daily,60.0,61.1,63.7,61.3,55.6,2021-09-23
331,2021-09-25T00:00:26.612Z,/sonometros,NoiseLevelObserved,T248676-daily,61.2,62.2,64.6,63.7,56.0,2021-09-24
332,2021-09-26T00:00:38.823Z,/sonometros,NoiseLevelObserved,T248676-daily,61.0,59.9,68.0,63.3,61.9,2021-09-25
333,2021-09-27T00:00:31.643Z,/sonometros,NoiseLevelObserved,T248676-daily,58.5,58.3,64.8,60.4,58.4,2021-09-26
334,2021-09-28T00:00:34.548Z,/sonometros,NoiseLevelObserved,T248676-daily,60.3,62.0,62.7,58.9,53.5,2021-09-27
367,2021-09-29T00:00:37.374Z,/sonometros,NoiseLevelObserved,T248676-daily,60.7,62.4,62.9,59.8,53.1,2021-09-28
368,2021-09-30T00:00:40.237Z,/sonometros,NoiseLevelObserved,T248676-daily,60.2,61.7,63.3,60.9,54.5,2021-09-29
369,2021-10-01T00:00:43.23Z,/sonometros,NoiseLevelObserved,T248676-daily,61.6,62.3,66.8,62.1,60.0,2021-09-30
370,2021-10-02T00:00:45.835Z,/sonometros,NoiseLevelObserved,T248676-daily,62.1,63.6,64.8,62.2,55.7,2021-10-01
371,2021-10-03T00:00:48.753Z,/sonometros,NoiseLevelObserved,T248676-daily,59.5,60.0,64.8,60.7,58.0,2021-10-02
372,2021-10-04T00:00:51.773Z,/sonometros,NoiseLevelObserved,T248676-daily,58.1,58.0,64.3,59.6,57.9,2021-10-03
373,2021-10-05T00:00:54.177Z,/sonometros,NoiseLevelObserved,T248676-daily,60.8,62.3,63.8,60.9,55.1,2021-10-04
374,2021-10-06T00:00:57.990Z,/sonometros,NoiseLevelObserved,T248676-daily,61.6,63.4,63.4,60.7,52.6,2021-10-05
375,2021-10-07T00:00:01.880Z,/sonometros,NoiseLevelObserved,T248676-daily,59.7,61.2,62.3,59.6,53.2,2021-10-06
376,2021-10-08T00:00:03.547Z,/sonometros,NoiseLevelObserved,T248676-daily,61.5,63.0,64.3,62.5,55.1,2021-10-07
377,2021-10-09T00:00:07.537Z,/sonometros,NoiseLevelObserved,T248676-daily,60.9,61.9,64.9,63.0,56.9,2021-10-08
378,2021-10-10T00:00:10.720Z,/sonometros,NoiseLevelObserved,T248676-daily,59.0,58.9,65.0,61.6,58.4,2021-10-09
379,2021-10-11T00:00:12.620Z,/sonometros,NoiseLevelObserved,T248676-daily,58.0,58.8,63.0,58.2,56.1,2021-10-10
380,2021-10-12T00:00:17.669Z,/sonometros,NoiseLevelObserved,T248676-daily,60.3,61.4,63.8,62.9,55.0,2021-10-11
381,2021-10-13T00:00:17.308Z,/sonometros,NoiseLevelObserved,T248676-daily,57.2,58.1,62.0,56.7,55.2,2021-10-12
382,2021-10-14T00:00:20.119Z,/sonometros,NoiseLevelObserved,T248676-daily,60.2,61.8,63.5,58.1,55.6,2021-10-13
415,2021-10-15T00:00:21.854Z,/sonometros,NoiseLevelObserved,T248676-daily,60.5,62.1,62.8,61.2,52.6,2021-10-14
416,2021-10-16T00:00:24.856Z,/sonometros,NoiseLevelObserved,T248676-daily,60.1,61.4,63.4,61.2,55.0,2021-10-15
417,2021-10-17T00:00:27.193Z,/sonometros,NoiseLevelObserved,T248676-daily,59.6,60.2,64.7,61.3,57.7,2021-10-16
418,2021-10-18T00:00:29.999Z,/sonometros,NoiseLevelObserved,T248676-daily,58.7,58.7,64.9,59.1,58.7,2021-10-17
419,2021-10-19T00:00:32.756Z,/sonometros,NoiseLevelObserved,T248676-daily,60.2,61.9,62.5,59.5,52.8,2021-10-18
420,2021-10-20T00:00:35.502Z,/sonometros,NoiseLevelObserved,T248676-daily,60.6,62.5,62.6,57.6,52.7,2021-10-19
421,2021-10-21T00:00:39.27Z,/sonometros,NoiseLevelObserved,T248676-daily,60.7,62.3,63.8,59.7,55.5,2021-10-20
422,2021-10-22T00:00:41.28Z,/sonometros,NoiseLevelObserved,T248676-daily,59.8,61.1,62.9,60.3,54.5,2021-10-21
423,2021-10-23T00:01:44.177Z,/sonometros,NoiseLevelObserved,T248676-daily,61.1,62.5,64.3,61.7,55.8,2021-10-22
424,2021-10-24T00:00:52.14Z,/sonometros,NoiseLevelObserved,T248676-daily,59.2,59.3,64.8,61.2,58.2,2021-10-23
425,2021-10-25T00:00:48.767Z,/sonometros,NoiseLevelObserved,T248676-daily,58.2,58.5,63.8,58.4,57.3,2021-10-24
426,2021-10-26T00:00:51.652Z,/sonometros,NoiseLevelObserved,T248676-daily,61.4,63.3,63.1,58.8,52.5,2021-10-25
427,2021-10-27T00:00:54.2Z,/sonometros,NoiseLevelObserved,T248676-daily,61.4,62.3,66.5,59.5,59.9,2021-10-26
428,2021-10-28T00:00:57.309Z,/sonometros,NoiseLevelObserved,T248676-daily,60.8,62.4,63.6,60.5,54.6,2021-10-27
461,2021-10-29T00:00:24.77Z,/sonometros,NoiseLevelObserved,T248676-daily,62.0,63.8,63.7,61.1,52.7,2021-10-28
462,2021-10-30T00:00:02.984Z,/sonometros,NoiseLevelObserved,T248676-daily,62.3,63.9,64.8,63.2,55.0,2021-10-29
495,2021-10-31T00:00:05.540Z,/sonometros,NoiseLevelObserved,T248676-daily,59.6,59.7,65.2,62.1,58.4,2021-10-30
496,2021-11-01T03:50:07.801Z,/sonometros,NoiseLevelObserved,T248676-daily,61.3,60.8,67.9,63.3,61.4,2021-10-31
529,2021-11-02T09:11:11.159Z,/sonometros,NoiseLevelObserved,T248676-daily,59.4,57.3,67.5,57.5,61.9,2021-11-01
562,2021-11-03T00:00:14.312Z,/sonometros,NoiseLevelObserved,T248676-daily,59.5,61.2,61.7,58.1,52.1,2021-11-02
595,2021-11-04T00:00:16.537Z,/sonometros,NoiseLevelObserved,T248676-daily,59.8,61.4,62.3,60.7,52.5,2021-11-03
628,2021-11-05T00:00:18.864Z,/sonometros,NoiseLevelObserved,T248676-daily,59.3,60.7,62.2,60.9,52.8,2021-11-04
661,2021-11-06T00:00:21.258Z,/sonometros,NoiseLevelObserved,T248676-daily,60.4,62.0,62.9,61.0,53.2,2021-11-05
662,2021-11-07T00:00:22.767Z,/sonometros,NoiseLevelObserved,T248676-daily,59.0,59.7,63.9,59.3,57.0,2021-11-06
663,2021-11-08T00:00:25.285Z,/sonometros,NoiseLevelObserved,T248676-daily,56.8,56.9,62.7,57.9,56.3,2021-11-07
664,2021-11-09T00:00:27.864Z,/sonometros,NoiseLevelObserved,T248676-daily,60.6,62.4,62.8,58.4,53.2,2021-11-08
665,2021-11-10T00:00:30.435Z,/sonometros,NoiseLevelObserved,T248676-daily,62.5,64.6,63.8,58.5,51.8,2021-11-09
698,2021-11-11T00:00:32.941Z,/sonometros,NoiseLevelObserved,T248676-daily,59.9,61.6,62.8,58.8,54.2,2021-11-10
699,2021-11-12T00:00:35.672Z,/sonometros,NoiseLevelObserved,T248676-daily,60.0,61.5,62.3,60.6,52.5,2021-11-11
700,2021-11-13T00:00:38.281Z,/sonometros,NoiseLevelObserved,T248676-daily,61.5,62.5,65.5,63.7,57.6,2021-11-12
701,2021-11-14T00:00:40.559Z,/sonometros,NoiseLevelObserved,T248676-daily,60.4,59.6,67.4,61.1,61.4,2021-11-13
702,2021-11-15T00:00:43.928Z,/sonometros,NoiseLevelObserved,T248676-daily,57.9,58.2,63.8,57.7,57.5,2021-11-14
703,2021-11-16T00:00:45.872Z,/sonometros,NoiseLevelObserved,T248676-daily,59.5,61.2,61.9,59.7,52.0,2021-11-15
704,2021-11-17T00:00:51.752Z,/sonometros,NoiseLevelObserved,T248676-daily,60.3,62.2,62.4,57.0,52.7,2021-11-16
705,2021-11-18T00:00:51.470Z,/sonometros,NoiseLevelObserved,T248676-daily,61.0,62.8,63.1,59.8,53.0,2021-11-17
706,2021-11-19T00:00:53.23Z,/sonometros,NoiseLevelObserved,T248676-daily,61.1,62.7,63.8,61.3,54.7,2021-11-18
707,2021-11-20T00:00:55.743Z,/sonometros,NoiseLevelObserved,T248676-daily,61.3,62.5,64.4,63.3,55.3,2021-11-19
708,2021-11-21T00:00:58.356Z,/sonometros,NoiseLevelObserved,T248676-daily,61.0,61.6,65.9,62.2,59.0,2021-11-20
709,2021-11-22T00:00:01.706Z,/sonometros,NoiseLevelObserved,T248676-daily,58.3,58.4,64.5,57.4,58.3,2021-11-21
710,2021-11-23T00:00:04.515Z,/sonometros,NoiseLevelObserved,T248676-daily,60.9,62.3,63.1,62.8,52.3,2021-11-22
711,2021-11-24T00:00:12.380Z,/sonometros,NoiseLevelObserved,T248676-daily,61.0,62.9,63.0,57.8,53.2,2021-11-23
744,2021-11-25T00:00:10.583Z,/sonometros,NoiseLevelObserved,T248676-daily,61.3,63.1,63.4,59.7,53.4,2021-11-24
745,2021-11-26T00:00:10.898Z,/sonometros,NoiseLevelObserved,T248676-daily,59.5,61.0,62.2,59.4,53.2,2021-11-25
746,2021-11-27T00:00:13.367Z,/sonometros,NoiseLevelObserved,T248676-daily,60.4,61.9,63.1,60.8,54.0,2021-11-26
747,2021-11-28T00:00:15.528Z,/sonometros,NoiseLevelObserved,T248676-daily,59.4,60.2,63.9,61.0,56.5,2021-11-27
748,2021-11-29T00:00:18.941Z,/sonometros,NoiseLevelObserved,T248676-daily,56.8,57.6,61.8,57.0,55.0,2021-11-28
749,2021-11-30T00:00:19.446Z,/sonometros,NoiseLevelObserved,T248676-daily,59.6,61.2,62.4,59.0,53.6,2021-11-29
750,2021-12-01T00:00:21.520Z,/sonometros,NoiseLevelObserved,T248676-daily,59.9,61.6,62.4,58.7,53.3,2021-11-30
751,2021-12-02T00:00:24.173Z,/sonometros,NoiseLevelObserved,T248676-daily,59.7,61.3,62.1,59.6,52.4,2021-12-01
752,2021-12-03T00:00:26.461Z,/sonometros,NoiseLevelObserved,T248676-daily,59.5,60.9,62.8,59.9,54.5,2021-12-02
753,2021-12-04T00:00:28.812Z,/sonometros,NoiseLevelObserved,T248676-daily,60.5,62.0,63.1,60.9,53.7,2021-12-03
754,2021-12-05T00:00:31.211Z,/sonometros,NoiseLevelObserved,T248676-daily,58.5,59.3,63.0,60.0,55.7,2021-12-04
755,2021-12-06T00:00:35.897Z,/sonometros,NoiseLevelObserved,T248676-daily,57.5,57.7,63.0,59.4,56.3,2021-12-05
756,2021-12-07T00:00:35.956Z,/sonometros,NoiseLevelObserved,T248676-daily,56.8,57.6,61.8,57.4,54.9,2021-12-06
757,2021-12-08T00:00:49.435Z,/sonometros,NoiseLevelObserved,T248676-daily,59.7,61.3,62.5,59.0,53.6,2021-12-07
758,2021-12-09T00:00:40.978Z,/sonometros,NoiseLevelObserved,T248676-daily,57.3,58.2,61.9,58.4,54.7,2021-12-08
759,2021-12-10T00:00:43.535Z,/sonometros,NoiseLevelObserved,T248676-daily,59.3,60.8,62.1,60.4,52.7,2021-12-09
760,2021-12-11T00:00:45.678Z,/sonometros,NoiseLevelObserved,T248676-daily,60.6,62.1,63.3,61.0,54.0,2021-12-10
761,2021-12-12T00:01:49.120Z,/sonometros,NoiseLevelObserved,T248676-daily,59.3,59.5,64.2,63.3,56.6,2021-12-11
762,2021-12-13T00:00:50.804Z,/sonometros,NoiseLevelObserved,T248676-daily,57.6,58.1,63.2,58.3,56.6,2021-12-12
795,2021-12-14T00:00:53.252Z,/sonometros,NoiseLevelObserved,T248676-daily,59.9,61.6,62.2,58.8,52.7,2021-12-13
796,2021-12-15T00:00:55.712Z,/sonometros,NoiseLevelObserved,T248676-daily,60.7,62.5,62.6,59.8,52.0,2021-12-14
797,2021-12-16T00:00:58.5Z,/sonometros,NoiseLevelObserved,T248676-daily,60.4,62.1,62.7,59.4,53.1,2021-12-15
798,2021-12-17T00:00:01.240Z,/sonometros,NoiseLevelObserved,T248676-daily,60.5,62.1,63.2,60.0,54.2,2021-12-16
799,2021-12-18T00:00:09.805Z,/sonometros,NoiseLevelObserved,T248676-daily,61.3,62.4,64.7,64.4,55.7,2021-12-17
800,2021-12-19T00:01:06.937Z,/sonometros,NoiseLevelObserved,T248676-daily,60.8,61.0,66.3,62.7,59.6,2021-12-18
801,2021-12-20T00:00:09.58Z,/sonometros,NoiseLevelObserved,T248676-daily,58.6,58.5,65.1,57.3,59.1,2021-12-19
802,2021-12-21T00:00:32.824Z,/sonometros,NoiseLevelObserved,T248676-daily,61.7,63.3,65.1,59.3,57.2,2021-12-20
803,2021-12-22T00:00:29.981Z,/sonometros,NoiseLevelObserved,T248676-daily,60.2,61.7,62.9,59.9,53.9,2021-12-21
804,2021-12-23T00:00:16.183Z,/sonometros,NoiseLevelObserved,T248676-daily,61.0,62.5,64.0,61.2,55.3,2021-12-22
805,2021-12-24T00:00:18.100Z,/sonometros,NoiseLevelObserved,T248676-daily,61.0,62.0,65.1,62.2,57.5,2021-12-23
806,2021-12-25T00:00:20.512Z,/sonometros,NoiseLevelObserved,T248676-daily,60.8,62.2,65.0,57.0,57.9,2021-12-24
807,2021-12-26T00:00:22.274Z,/sonometros,NoiseLevelObserved,T248676-daily,57.6,57.1,63.5,61.2,56.8,2021-12-25
808,2021-12-27T00:00:24.523Z,/sonometros,NoiseLevelObserved,T248676-daily,57.9,58.4,63.0,59.6,56.1,2021-12-26
809,2021-12-28T00:00:28.297Z,/sonometros,NoiseLevelObserved,T248676-daily,58.9,60.3,62.1,59.4,53.7,2021-12-27
810,2021-12-29T00:00:31.426Z,/sonometros,NoiseLevelObserved,T248676-daily,59.6,60.5,63.0,63.6,53.4,2021-12-28
811,2021-12-30T00:00:33.212Z,/sonometros,NoiseLevelObserved,T248676-daily,59.2,60.5,62.9,59.6,54.9,2021-12-29
812,2022-01-05T23:27:12.595Z,/sonometros,NoiseLevelObserved,T248676-daily,59.7,61.1,62.9,59.7,54.6,2022-01-04
813,2022-01-06T00:18:01.425Z,/sonometros,NoiseLevelObserved,T248676-daily,61.1,62.9,63.4,58.7,54.2,2022-01-05
814,2022-01-07T00:00:53.718Z,/sonometros,NoiseLevelObserved,T248676-daily,56.9,58.2,60.7,56.9,53.0,2022-01-06
815,2022-01-08T00:00:54.128Z,/sonometros,NoiseLevelObserved,T248676-daily,59.3,60.7,62.9,59.0,55.0,2022-01-07
816,2022-01-09T00:00:56.296Z,/sonometros,NoiseLevelObserved,T248676-daily,57.9,58.8,62.2,58.8,54.9,2022-01-08
817,2022-01-10T00:00:01.974Z,/sonometros,NoiseLevelObserved,T248676-daily,56.3,57.2,61.0,56.7,54.0,2022-01-09
818,2022-01-11T00:00:02.865Z,/sonometros,NoiseLevelObserved,T248676-daily,61.4,63.2,63.3,60.2,52.9,2022-01-10
819,2022-01-12T00:00:06.429Z,/sonometros,NoiseLevelObserved,T248676-daily,60.8,62.5,63.6,58.8,54.9,2022-01-11
820,2022-01-13T00:00:07.981Z,/sonometros,NoiseLevelObserved,T248676-daily,59.9,61.3,63.2,60.5,54.7,2022-01-12
821,2022-01-14T00:00:10.528Z,/sonometros,NoiseLevelObserved,T248676-daily,61.2,62.8,63.8,61.7,54.2,2022-01-13
822,2022-01-15T00:00:12.398Z,/sonometros,NoiseLevelObserved,T248676-daily,61.1,62.7,63.6,61.5,54.0,2022-01-14
823,2022-01-16T00:00:14.679Z,/sonometros,NoiseLevelObserved,T248676-daily,59.2,58.9,65.7,59.8,59.6,2022-01-15
824,2022-01-17T00:00:17.503Z,/sonometros,NoiseLevelObserved,T248676-daily,57.8,57.8,63.8,58.8,57.5,2022-01-16
825,2022-01-18T00:00:31.869Z,/sonometros,NoiseLevelObserved,T248676-daily,59.1,60.9,61.1,57.5,51.1,2022-01-17
826,2022-01-19T00:00:41.429Z,/sonometros,NoiseLevelObserved,T248676-daily,59.4,61.1,62.1,57.1,53.4,2022-01-18
827,2022-01-20T00:00:22.986Z,/sonometros,NoiseLevelObserved,T248676-daily,59.5,61.3,62.2,57.2,53.5,2022-01-19
828,2022-01-21T00:00:24.207Z,/sonometros,NoiseLevelObserved,T248676-daily,59.5,61.0,62.4,60.2,53.4,2022-01-20
829,2022-01-22T00:00:27.148Z,/sonometros,NoiseLevelObserved,T248676-daily,63.0,65.0,64.5,59.1,53.7,2022-01-21
830,2022-01-23T00:00:29.327Z,/sonometros,NoiseLevelObserved,T248676-daily,60.3,60.0,67.1,59.7,61.1,2022-01-22
831,2022-01-24T00:00:30.996Z,/sonometros,NoiseLevelObserved,T248676-daily,57.8,58.4,63.0,57.6,56.4,2022-01-23
832,2022-01-25T00:00:33.255Z,/sonometros,NoiseLevelObserved,T248676-daily,60.8,62.2,64.5,58.9,56.9,2022-01-24
833,2022-01-26T00:00:35.745Z,/sonometros,NoiseLevelObserved,T248676-daily,60.9,62.7,63.4,58.2,54.4,2022-01-25
834,2022-01-27T00:00:38.75Z,/sonometros,NoiseLevelObserved,T248676-daily,60.3,62.1,62.6,57.5,53.4,2022-01-26
867,2022-01-28T00:00:40.541Z,/sonometros,NoiseLevelObserved,T248676-daily,60.1,61.7,62.4,59.6,52.8,2022-01-27
868,2022-01-29T00:00:48.981Z,/sonometros,NoiseLevelObserved,T248676-daily,59.7,61.0,63.0,60.4,54.6,2022-01-28
869,2022-01-30T00:00:44.939Z,/sonometros,NoiseLevelObserved,T248676-daily,58.9,59.1,64.4,61.1,57.6,2022-01-29
870,2022-01-31T00:01:47.226Z,/sonometros,NoiseLevelObserved,T248676-daily,57.2,57.4,63.2,56.8,56.9,2022-01-30
871,2022-02-01T00:00:51.583Z,/sonometros,NoiseLevelObserved,T248676-daily,58.8,60.1,62.7,57.1,55.3,2022-01-31
872,2022-02-02T00:00:52.556Z,/sonometros,NoiseLevelObserved,T248676-daily,59.4,60.7,62.3,61.9,52.6,2022-02-01
873,2022-02-03T00:00:55.701Z,/sonometros,NoiseLevelObserved,T248676-daily,61.4,63.2,63.4,60.6,53.0,2022-02-02
874,2022-02-04T00:00:58.259Z,/sonometros,NoiseLevelObserved,T248676-daily,63.3,65.1,65.6,59.6,56.5,2022-02-03
875,2022-02-05T00:00:00.656Z,/sonometros,NoiseLevelObserved,T248676-daily,60.8,62.2,63.8,61.9,54.8,2022-02-04
876,2022-02-06T00:01:02.26Z,/sonometros,NoiseLevelObserved,T248676-daily,61.2,60.4,67.4,65.3,60.8,2022-02-05
877,2022-02-07T00:00:07.776Z,/sonometros,NoiseLevelObserved,T248676-daily,60.0,59.0,67.3,57.6,61.6,2022-02-06
878,2022-02-08T00:00:09.708Z,/sonometros,NoiseLevelObserved,T248676-daily,60.4,62.2,62.6,57.8,53.2,2022-02-07
879,2022-02-09T00:00:11.62Z,/sonometros,NoiseLevelObserved,T248676-daily,59.7,61.3,62.7,58.8,54.3,2022-02-08
880,2022-02-10T00:00:12.830Z,/sonometros,NoiseLevelObserved,T248676-daily,60.5,62.2,63.0,59.6,53.7,2022-02-09
881,2022-02-11T00:00:15.825Z,/sonometros,NoiseLevelObserved,T248676-daily,59.5,61.2,62.0,60.0,52.1,2022-02-10
882,2022-02-12T00:00:17.599Z,/sonometros,NoiseLevelObserved,T248676-daily,60.5,61.9,63.9,60.6,55.8,2022-02-11
883,2022-02-13T00:00:20.826Z,/sonometros,NoiseLevelObserved,T248676-daily,60.9,60.1,67.0,65.3,60.3,2022-02-12
884,2022-02-14T00:00:21.301Z,/sonometros,NoiseLevelObserved,T248676-daily,58.5,58.4,65.0,56.3,59.0,2022-02-13
885,2022-02-15T00:00:23.869Z,/sonometros,NoiseLevelObserved,T248676-daily,58.8,60.6,61.4,57.2,52.4,2022-02-14
886,2022-02-16T00:00:26.297Z,/sonometros,NoiseLevelObserved,T248676-daily,58.8,60.5,61.3,57.2,52.2,2022-02-15
887,2022-02-17T00:00:30.680Z,/sonometros,NoiseLevelObserved,T248676-daily,59.2,60.9,61.4,58.7,51.5,2022-02-16
888,2022-02-18T00:00:32.784Z,/sonometros,NoiseLevelObserved,T248676-daily,59.6,61.3,62.2,59.8,52.6,2022-02-17
889,2022-02-19T00:00:33.826Z,/sonometros,NoiseLevelObserved,T248676-daily,59.9,61.4,62.6,61.4,53.0,2022-02-18
890,2022-02-20T00:00:46.178Z,/sonometros,NoiseLevelObserved,T248676-daily,60.5,60.2,66.7,62.7,60.3,2022-02-19
891,2022-02-21T00:00:44.978Z,/sonometros,NoiseLevelObserved,T248676-daily,58.4,58.0,65.3,56.5,59.4,2022-02-20
892,2022-02-22T00:00:48.465Z,/sonometros,NoiseLevelObserved,T248676-daily,58.6,60.4,60.9,55.6,51.6,2022-02-21
893,2022-02-23T00:00:50.974Z,/sonometros,NoiseLevelObserved,T248676-daily,59.1,60.8,61.3,58.7,51.2,2022-02-22
894,2022-02-24T00:00:49.310Z,/sonometros,NoiseLevelObserved,T248676-daily,61.4,63.1,64.0,57.9,55.4,2022-02-23
895,2022-02-25T00:00:49.797Z,/sonometros,NoiseLevelObserved,T248676-daily,60.2,61.7,63.0,61.7,53.4,2022-02-24
896,2022-02-26T00:00:51.28Z,/sonometros,NoiseLevelObserved,T248676-daily,63.9,65.5,67.1,61.1,59.2,2022-02-25
897,2022-02-27T00:00:53.338Z,/sonometros,NoiseLevelObserved,T248676-daily,60.0,60.2,65.7,60.8,59.3,2022-02-26
898,2022-02-28T00:00:56.120Z,/sonometros,NoiseLevelObserved,T248676-daily,61.4,62.5,66.0,59.3,59.2,2022-02-27
899,2022-03-01T00:24:06.161Z,/sonometros,NoiseLevelObserved,T248676-daily,62.1,61.6,69.1,59.6,63.3,2022-02-28
900,2022-03-02T00:01:02.322Z,/sonometros,NoiseLevelObserved,T248676-daily,60.5,62.0,63.1,60.9,53.8,2022-03-01
901,2022-03-03T00:00:03.324Z,/sonometros,NoiseLevelObserved,T248676-daily,61.2,63.1,63.1,57.8,53.2,2022-03-02
902,2022-03-04T00:00:07.193Z,/sonometros,NoiseLevelObserved,T248676-daily,60.8,62.4,63.8,60.8,55.0,2022-03-03
903,2022-03-05T00:00:12.153Z,/sonometros,NoiseLevelObserved,T248676-daily,61.7,63.0,65.1,61.8,57.0,2022-03-04
904,2022-03-06T00:00:13.761Z,/sonometros,NoiseLevelObserved,T248676-daily,65.0,66.5,68.0,64.7,59.4,2022-03-05
905,2022-03-07T00:00:24.844Z,/sonometros,NoiseLevelObserved,T248676-daily,59.5,59.8,65.6,58.5,59.4,2022-03-06
938,2022-03-08T00:01:16.381Z,/sonometros,NoiseLevelObserved,T248676-daily,63.0,65.0,64.6,58.4,54.2,2022-03-07
939,2022-03-09T00:01:18.434Z,/sonometros,NoiseLevelObserved,T248676-daily,63.8,64.5,66.6,69.2,53.3,2022-03-08
940,2022-03-10T00:00:21.27Z,/sonometros,NoiseLevelObserved,T248676-daily,63.1,64.9,64.9,62.9,53.8,2022-03-09
941,2022-03-11T00:00:22.61Z,/sonometros,NoiseLevelObserved,T248676-daily,64.8,66.5,66.7,65.1,55.8,2022-03-10
942,2022-03-12T00:00:24.515Z,/sonometros,NoiseLevelObserved,T248676-daily,65.9,64.5,73.2,67.4,67.3,2022-03-11
943,2022-03-13T00:01:27.124Z,/sonometros,NoiseLevelObserved,T248676-daily,73.3,74.5,76.9,75.2,68.5,2022-03-12
944,2022-03-14T00:00:29.671Z,/sonometros,NoiseLevelObserved,T248676-daily,72.0,70.4,79.8,71.2,74.1,2022-03-13
945,2022-03-15T00:00:32.393Z,/sonometros,NoiseLevelObserved,T248676-daily,64.8,66.5,67.0,65.5,56.3,2022-03-14
946,2022-03-16T00:00:34.452Z,/sonometros,NoiseLevelObserved,T248676-daily,69.6,71.0,72.8,70.3,64.3,2022-03-15
947,2022-03-17T00:00:37.124Z,/sonometros,NoiseLevelObserved,T248676-daily,73.8,73.0,79.4,79.3,72.1,2022-03-16
948,2022-03-18T00:00:39.336Z,/sonometros,NoiseLevelObserved,T248676-daily,73.5,71.7,80.9,76.3,74.9,2022-03-17
949,2022-03-19T00:00:46.928Z,/sonometros,NoiseLevelObserved,T248676-daily,77.4,77.1,83.8,79.4,77.5,2022-03-18
950,2022-03-20T00:00:47.92Z,/sonometros,NoiseLevelObserved,T248676-daily,79.7,78.1,87.4,78.8,81.7,2022-03-19
951,2022-03-21T00:00:46.853Z,/sonometros,NoiseLevelObserved,T248676-daily,68.9,61.1,78.5,58.3,73.2,2022-03-20
952,2022-03-22T00:00:49.57Z,/sonometros,NoiseLevelObserved,T248676-daily,61.3,62.7,64.9,60.1,57.2,2022-03-21
953,2022-03-23T00:00:53.381Z,/sonometros,NoiseLevelObserved,T248676-daily,60.4,62.0,63.4,57.8,55.3,2022-03-22
954,2022-03-24T00:00:53.717Z,/sonometros,NoiseLevelObserved,T248676-daily,61.5,63.3,63.8,60.6,54.1,2022-03-23
955,2022-03-25T00:00:56.30Z,/sonometros,NoiseLevelObserved,T248676-daily,61.2,62.7,64.5,60.3,56.4,2022-03-24
956,2022-03-26T00:00:00.348Z,/sonometros,NoiseLevelObserved,T248676-daily,60.9,62.3,64.2,61.9,55.7,2022-03-25
957,2022-03-27T00:00:33.772Z,/sonometros,NoiseLevelObserved,T248676-daily,59.2,60.0,64.0,59.6,57.1,2022-03-26
958,2022-03-28T00:00:08.973Z,/sonometros,NoiseLevelObserved,T248676-daily,59.6,59.4,66.1,58.2,60.4,2022-03-27
959,2022-03-29T00:00:07.399Z,/sonometros,NoiseLevelObserved,T248676-daily,59.6,61.2,62.6,58.3,54.2,2022-03-28
960,2022-03-30T00:00:09.483Z,/sonometros,NoiseLevelObserved,T248676-daily,59.5,61.1,62.5,58.0,54.1,2022-03-29
961,2022-03-31T00:00:17.435Z,/sonometros,NoiseLevelObserved,T248676-daily,60.1,61.6,63.2,59.5,54.9,2022-03-30
962,2022-04-01T00:00:15.22Z,/sonometros,NoiseLevelObserved,T248676-daily,59.0,60.3,62.4,59.8,54.2,2022-03-31
963,2022-04-02T00:00:16.958Z,/sonometros,NoiseLevelObserved,T248676-daily,58.9,60.3,62.4,60.0,54.0,2022-04-01
964,2022-04-03T00:00:19.536Z,/sonometros,NoiseLevelObserved,T248676-daily,58.4,59.1,63.3,59.8,56.3,2022-04-02
965,2022-04-04T00:00:20.693Z,/sonometros,NoiseLevelObserved,T248676-daily,57.9,57.4,64.7,57.3,58.7,2022-04-03
966,2022-04-05T00:00:23.685Z,/sonometros,NoiseLevelObserved,T248676-daily,60.3,62.0,62.8,59.3,53.6,2022-04-04
967,2022-04-06T00:00:25.158Z,/sonometros,NoiseLevelObserved,T248676-daily,59.7,61.4,62.4,57.5,53.7,2022-04-05
968,2022-04-07T00:01:28.793Z,/sonometros,NoiseLevelObserved,T248676-daily,59.9,61.7,62.5,57.8,53.6,2022-04-06
969,2022-04-08T00:00:30.43Z,/sonometros,NoiseLevelObserved,T248676-daily,60.5,62.0,64.0,59.8,56.0,2022-04-07
970,2022-04-09T00:00:33.389Z,/sonometros,NoiseLevelObserved,T248676-daily,59.7,60.7,63.8,61.4,56.1,2022-04-08
971,2022-04-10T00:00:35.258Z,/sonometros,NoiseLevelObserved,T248676-daily,59.4,60.0,64.5,60.5,57.6,2022-04-09
972,2022-04-11T00:00:57.97Z,/sonometros,NoiseLevelObserved,T248676-daily,58.5,59.0,63.5,59.6,56.7,2022-04-10
973,2022-04-12T00:00:50.292Z,/sonometros,NoiseLevelObserved,T248676-daily,60.0,61.5,62.9,60.6,54.0,2022-04-11
974,2022-04-13T00:00:43.875Z,/sonometros,NoiseLevelObserved,T248676-daily,60.1,61.8,62.4,59.8,52.6,2022-04-12
975,2022-04-14T00:00:45.345Z,/sonometros,NoiseLevelObserved,T248676-daily,61.4,63.1,63.6,61.8,53.2,2022-04-13
976,2022-04-15T00:00:51.803Z,/sonometros,NoiseLevelObserved,T248676-daily,58.7,60.1,62.1,58.8,53.9,2022-04-14
977,2022-04-16T00:00:51.832Z,/sonometros,NoiseLevelObserved,T248676-daily,57.4,57.1,63.7,59.0,57.4,2022-04-15
978,2022-04-17T00:00:53.513Z,/sonometros,NoiseLevelObserved,T248676-daily,56.9,57.9,61.1,58.7,53.4,2022-04-16
979,2022-04-18T00:00:56.948Z,/sonometros,NoiseLevelObserved,T248676-daily,57.5,58.0,62.7,58.4,56.0,2022-04-17
980,2022-04-19T00:00:01.922Z,/sonometros,NoiseLevelObserved,T248676-daily,57.0,58.2,61.0,57.4,53.4,2022-04-18
981,2022-04-20T00:00:02.944Z,/sonometros,NoiseLevelObserved,T248676-daily,60.0,61.6,62.6,59.5,53.5,2022-04-19
982,2022-04-21T00:00:04.819Z,/sonometros,NoiseLevelObserved,T248676-daily,61.4,63.2,63.1,59.5,52.3,2022-04-20
983,2022-04-22T00:00:08.551Z,/sonometros,NoiseLevelObserved,T248676-daily,59.7,61.2,62.7,59.9,54.1,2022-04-21
984,2022-04-23T00:00:09.820Z,/sonometros,NoiseLevelObserved,T248676-daily,62.9,60.7,68.4,70.6,59.8,2022-04-22
985,2022-04-24T00:00:12.793Z,/sonometros,NoiseLevelObserved,T248676-daily,62.1,62.2,68.5,59.8,62.4,2022-04-23
986,2022-04-25T00:00:15.45Z,/sonometros,NoiseLevelObserved,T248676-daily,65.3,67.2,67.6,57.3,58.9,2022-04-24
987,2022-04-26T00:00:18.726Z,/sonometros,NoiseLevelObserved,T248676-daily,57.7,58.3,62.0,61.0,54.1,2022-04-25
988,2022-04-27T00:00:20.981Z,/sonometros,NoiseLevelObserved,T248676-daily,60.0,60.9,64.6,60.5,57.5,2022-04-26
989,2022-04-28T00:00:23.430Z,/sonometros,NoiseLevelObserved,T248676-daily,60.5,62.4,62.2,59.1,51.2,2022-04-27
990,2022-04-29T00:00:24.159Z,/sonometros,NoiseLevelObserved,T248676-daily,60.8,62.3,63.5,62.1,53.9,2022-04-28
991,2022-04-30T00:00:26.866Z,/sonometros,NoiseLevelObserved,T248676-daily,62.4,63.5,65.7,64.5,57.1,2022-04-29
992,2022-05-01T00:00:29.207Z,/sonometros,NoiseLevelObserved,T248676-daily,60.7,61.4,65.1,63.6,57.4,2022-04-30
993,2022-05-02T00:00:34.434Z,/sonometros,NoiseLevelObserved,T248676-daily,59.0,59.3,64.6,59.9,58.0,2022-05-01
994,2022-05-03T00:00:34.575Z,/sonometros,NoiseLevelObserved,T248676-daily,59.8,61.5,62.4,59.3,53.1,2022-05-02
995,2022-05-04T00:00:37.95Z,/sonometros,NoiseLevelObserved,T248676-daily,65.5,64.8,69.5,72.8,57.9,2022-05-03
996,2022-05-05T00:00:39.957Z,/sonometros,NoiseLevelObserved,T248676-daily,60.1,61.5,63.3,59.0,55.3,2022-05-04
997,2022-05-06T00:00:42.525Z,/sonometros,NoiseLevelObserved,T248676-daily,59.3,60.6,62.7,60.4,54.3,2022-05-05
998,2022-05-07T00:00:44.996Z,/sonometros,NoiseLevelObserved,T248676-daily,59.7,60.8,63.7,61.6,55.7,2022-05-06
999,2022-05-08T00:00:47.560Z,/sonometros,NoiseLevelObserved,T248676-daily,59.1,59.4,64.8,60.5,58.2,2022-05-07
1000,2022-05-09T00:00:50.372Z,/sonometros,NoiseLevelObserved,T248676-daily,58.0,58.6,63.1,59.1,56.2,2022-05-08
1001,2022-05-10T00:00:53.104Z,/sonometros,NoiseLevelObserved,T248676-daily,59.4,61.1,61.5,59.0,51.4,2022-05-09
1002,2022-05-11T00:00:14.433Z,/sonometros,NoiseLevelObserved,T248676-daily,58.4,60.1,61.5,59.8,51.8,2022-05-10
1003,2022-05-12T00:00:25.219Z,/sonometros,NoiseLevelObserved,T248676-daily,59.6,61.3,62.0,59.4,52.3,2022-05-11
1004,2022-05-13T00:00:26.777Z,/sonometros,NoiseLevelObserved,T248676-daily,59.9,61.3,62.5,61.9,52.3,2022-05-12
1005,2022-05-14T00:00:21.559Z,/sonometros,NoiseLevelObserved,T248676-daily,59.9,61.4,62.6,61.2,53.1,2022-05-13
1006,2022-05-15T00:00:24.230Z,/sonometros,NoiseLevelObserved,T248676-daily,59.1,59.0,64.9,61.9,58.2,2022-05-14
1007,2022-05-16T00:00:27.359Z,/sonometros,NoiseLevelObserved,T248676-daily,57.4,57.9,62.8,58.8,56.0,2022-05-15
1008,2022-05-17T00:00:30.808Z,/sonometros,NoiseLevelObserved,T248676-daily,58.9,60.5,61.6,58.8,52.4,2022-05-16
1009,2022-05-18T00:00:32.520Z,/sonometros,NoiseLevelObserved,T248676-daily,59.6,61.1,62.6,58.6,54.1,2022-05-17
1042,2022-05-19T00:00:35.301Z,/sonometros,NoiseLevelObserved,T248676-daily,59.8,61.1,62.9,61.7,53.9,2022-05-18
1043,2022-05-20T00:00:39.25Z,/sonometros,NoiseLevelObserved,T248676-daily,59.5,61.0,62.5,60.0,53.7,2022-05-19
1044,2022-05-21T00:01:41.174Z,/sonometros,NoiseLevelObserved,T248676-daily,59.9,61.1,63.5,61.7,55.2,2022-05-20
1045,2022-05-22T00:00:44.173Z,/sonometros,NoiseLevelObserved,T248676-daily,58.8,58.7,64.6,61.5,58.0,2022-05-21
1046,2022-05-23T00:00:47.479Z,/sonometros,NoiseLevelObserved,T248676-daily,57.4,57.4,63.4,59.2,56.9,2022-05-22
1047,2022-05-24T00:00:50.658Z,/sonometros,NoiseLevelObserved,T248676-daily,58.6,60.1,61.2,59.0,51.9,2022-05-23
1048,2022-05-25T00:00:53.182Z,/sonometros,NoiseLevelObserved,T248676-daily,59.6,60.9,63.3,58.5,55.7,2022-05-24
1049,2022-05-26T00:00:55.378Z,/sonometros,NoiseLevelObserved,T248676-daily,60.5,62.5,62.4,57.9,52.1,2022-05-25
1050,2022-05-27T00:01:03.215Z,/sonometros,NoiseLevelObserved,T248676-daily,59.0,60.3,62.4,60.0,54.0,2022-05-26
1051,2022-05-28T00:00:02.67Z,/sonometros,NoiseLevelObserved,T248676-daily,59.9,60.9,64.1,60.9,56.7,2022-05-27
1052,2022-05-29T00:00:04.855Z,/sonometros,NoiseLevelObserved,T248676-daily,58.9,57.9,66.1,59.3,60.2,2022-05-28
1053,2022-05-30T00:00:09.914Z,/sonometros,NoiseLevelObserved,T248676-daily,58.4,58.1,65.0,58.4,58.9,2022-05-29
1054,2022-05-31T00:00:11.74Z,/sonometros,NoiseLevelObserved,T248676-daily,59.1,60.7,61.4,58.8,51.9,2022-05-30
1055,2022-06-01T00:00:13.499Z,/sonometros,NoiseLevelObserved,T248676-daily,59.6,61.1,62.2,60.6,52.5,2022-05-31
1056,2022-06-02T00:00:16.162Z,/sonometros,NoiseLevelObserved,T248676-daily,59.6,61.0,62.3,61.0,52.9,2022-06-01
1057,2022-06-03T00:00:19.250Z,/sonometros,NoiseLevelObserved,T248676-daily,59.6,61.2,62.4,59.7,53.4,2022-06-02
1058,2022-06-04T00:00:21.331Z,/sonometros,NoiseLevelObserved,T248676-daily,62.3,63.9,65.0,62.8,55.7,2022-06-03
1059,2022-06-05T00:00:23.952Z,/sonometros,NoiseLevelObserved,T248676-daily,63.3,65.1,65.8,61.0,56.7,2022-06-04
1060,2022-06-06T00:00:26.751Z,/sonometros,NoiseLevelObserved,T248676-daily,57.6,57.3,64.1,59.1,57.8,2022-06-05
1061,2022-06-07T00:00:30.13Z,/sonometros,NoiseLevelObserved,T248676-daily,59.2,60.9,62.0,58.2,53.2,2022-06-06
1062,2022-06-08T00:00:32.956Z,/sonometros,NoiseLevelObserved,T248676-daily,60.3,62.1,62.3,59.3,52.1,2022-06-07
1063,2022-06-09T00:00:36.15Z,/sonometros,NoiseLevelObserved,T248676-daily,60.6,62.4,62.5,58.9,52.2,2022-06-08
1064,2022-06-10T00:00:38.467Z,/sonometros,NoiseLevelObserved,T248676-daily,59.5,60.6,63.0,61.6,54.5,2022-06-09
1065,2022-06-11T00:00:41.680Z,/sonometros,NoiseLevelObserved,T248676-daily,60.3,61.1,64.4,63.5,56.3,2022-06-10
1066,2022-06-12T00:00:45.558Z,/sonometros,NoiseLevelObserved,T248676-daily,58.6,58.1,65.1,60.5,58.9,2022-06-11
1067,2022-06-13T00:00:47.345Z,/sonometros,NoiseLevelObserved,T248676-daily,58.0,57.4,64.5,59.8,58.3,2022-06-12
1068,2022-06-14T00:00:50.500Z,/sonometros,NoiseLevelObserved,T248676-daily,59.1,60.4,62.3,60.3,53.6,2022-06-13
1069,2022-06-15T00:00:53.392Z,/sonometros,NoiseLevelObserved,T248676-daily,59.5,61.1,62.1,59.8,52.8,2022-06-14
1070,2022-06-16T00:00:58.14Z,/sonometros,NoiseLevelObserved,T248676-daily,59.1,60.5,62.2,59.9,53.4,2022-06-15
1071,2022-06-17T00:00:00.388Z,/sonometros,NoiseLevelObserved,T248676-daily,59.6,60.9,62.7,61.8,53.6,2022-06-16
1072,2022-06-18T00:00:04.17Z,/sonometros,NoiseLevelObserved,T248676-daily,59.4,60.4,63.5,61.1,55.7,2022-06-17
1073,2022-06-19T00:01:06.841Z,/sonometros,NoiseLevelObserved,T248676-daily,71.7,63.2,76.5,82.0,57.6,2022-06-18
1074,2022-06-20T00:00:09.633Z,/sonometros,NoiseLevelObserved,T248676-daily,58.3,57.5,65.2,59.9,59.2,2022-06-19
1075,2022-06-21T00:00:13.530Z,/sonometros,NoiseLevelObserved,T248676-daily,59.3,61.0,62.0,58.9,52.8,2022-06-20
1076,2022-06-22T00:00:15.443Z,/sonometros,NoiseLevelObserved,T248676-daily,59.5,61.0,62.1,60.7,52.3,2022-06-21
1077,2022-06-23T00:00:17.747Z,/sonometros,NoiseLevelObserved,T248676-daily,59.1,60.7,61.7,59.7,52.1,2022-06-22
1078,2022-06-24T00:00:23.638Z,/sonometros,NoiseLevelObserved,T248676-daily,58.2,59.7,61.3,58.9,52.6,2022-06-23
1079,2022-06-25T00:00:23.676Z,/sonometros,NoiseLevelObserved,T248676-daily,57.7,57.8,63.4,59.9,56.7,2022-06-24
1080,2022-06-26T00:00:26.975Z,/sonometros,NoiseLevelObserved,T248676-daily,57.5,57.6,63.3,59.5,56.7,2022-06-25
1081,2022-06-27T00:00:29.966Z,/sonometros,NoiseLevelObserved,T248676-daily,58.9,57.0,66.7,59.3,61.0,2022-06-26
1082,2022-06-28T00:00:32.942Z,/sonometros,NoiseLevelObserved,T248676-daily,60.5,62.2,63.4,58.7,54.9,2022-06-27
1083,2022-06-29T00:00:35.521Z,/sonometros,NoiseLevelObserved,T248676-daily,59.0,60.5,61.6,60.3,51.8,2022-06-28
1084,2022-06-30T03:54:38.908Z,/sonometros,NoiseLevelObserved,T248676-daily,59.4,60.8,62.2,60.7,52.9,2022-06-29
1085,2022-07-01T00:00:41.286Z,/sonometros,NoiseLevelObserved,T248676-daily,59.8,60.9,63.2,62.1,54.6,2022-06-30
1086,2022-07-02T00:00:44.97Z,/sonometros,NoiseLevelObserved,T248676-daily,59.9,61.0,63.7,62.1,55.4,2022-07-01
1087,2022-07-03T00:00:47.580Z,/sonometros,NoiseLevelObserved,T248676-daily,59.5,59.6,65.3,61.2,58.7,2022-07-02
1088,2022-07-04T00:00:50.14Z,/sonometros,NoiseLevelObserved,T248676-daily,57.7,57.5,64.0,58.1,57.9,2022-07-03
1089,2022-07-05T00:00:53.293Z,/sonometros,NoiseLevelObserved,T248676-daily,60.4,62.2,62.8,59.9,53.0,2022-07-04
1090,2022-07-06T08:35:57.22Z,/sonometros,NoiseLevelObserved,T248676-daily,59.4,61.1,62.0,58.7,52.8,2022-07-05
1091,2022-07-07T00:00:59.37Z,/sonometros,NoiseLevelObserved,T248676-daily,60.7,62.3,63.4,60.1,54.4,2022-07-06
1092,2022-07-08T00:00:11.14Z,/sonometros,NoiseLevelObserved,T248676-daily,59.8,61.2,62.9,60.2,54.3,2022-07-07
1093,2022-07-09T00:00:06.962Z,/sonometros,NoiseLevelObserved,T248676-daily,59.4,60.6,63.7,60.3,56.0,2022-07-08
1094,2022-07-10T00:00:11.637Z,/sonometros,NoiseLevelObserved,T248676-daily,57.3,57.6,63.1,59.1,56.2,2022-07-09
1095,2022-07-11T00:00:12.47Z,/sonometros,NoiseLevelObserved,T248676-daily,56.4,56.9,61.6,58.0,54.8,2022-07-10
1096,2022-07-12T00:00:15.60Z,/sonometros,NoiseLevelObserved,T248676-daily,58.8,60.3,61.5,58.5,52.7,2022-07-11
1097,2022-07-13T00:00:19.295Z,/sonometros,NoiseLevelObserved,T248676-daily,58.3,59.8,61.1,58.7,52.0,2022-07-12
1098,2022-07-14T00:00:26.130Z,/sonometros,NoiseLevelObserved,T248676-daily,58.9,60.2,62.3,60.9,53.5,2022-07-13
1099,2022-07-15T00:00:23.330Z,/sonometros,NoiseLevelObserved,T248676-daily,59.6,61.0,62.9,60.2,54.6,2022-07-14
1100,2022-07-16T00:00:26.354Z,/sonometros,NoiseLevelObserved,T248676-daily,59.6,61.0,62.8,59.2,54.6,2022-07-15
1101,2022-07-17T00:00:29.499Z,/sonometros,NoiseLevelObserved,T248676-daily,57.6,58.0,62.6,60.3,55.5,2022-07-16
1102,2022-07-18T00:00:32.808Z,/sonometros,NoiseLevelObserved,T248676-daily,56.9,55.6,64.1,58.6,58.1,2022-07-17
1103,2022-07-19T00:00:35.542Z,/sonometros,NoiseLevelObserved,T248676-daily,58.1,59.7,60.8,58.0,51.6,2022-07-18
1104,2022-07-20T00:00:39.116Z,/sonometros,NoiseLevelObserved,T248676-daily,58.7,60.3,61.6,59.6,52.3,2022-07-19
1105,2022-07-21T00:00:42.335Z,/sonometros,NoiseLevelObserved,T248676-daily,59.1,60.5,62.0,60.0,53.1,2022-07-20
1106,2022-07-22T00:00:31.411Z,/sonometros,NoiseLevelObserved,T248676-daily,59.0,60.4,62.5,59.0,54.5,2022-07-21
1107,2022-07-23T00:03:18.961Z,/sonometros,NoiseLevelObserved,T248676-daily,59.5,60.1,64.7,60.3,57.8,2022-07-22
1108,2022-07-24T00:00:22.339Z,/sonometros,NoiseLevelObserved,T248676-daily,58.4,57.9,65.1,59.5,59.0,2022-07-23
1109,2022-07-25T23:31:29.786Z,/sonometros,NoiseLevelObserved,T248676-daily,57.7,58.0,63.4,59.1,56.7,2022-07-24
1110,2022-07-26T05:39:39.375Z,/sonometros,NoiseLevelObserved,T248676-daily,59.0,60.6,61.6,59.2,52.3,2022-07-25
1111,2022-07-27T00:00:30.396Z,/sonometros,NoiseLevelObserved,T248676-daily,58.8,60.1,62.2,59.9,53.8,2022-07-26
1112,2022-07-28T00:00:34.229Z,/sonometros,NoiseLevelObserved,T248676-daily,59.4,60.9,62.7,58.2,54.6,2022-07-27
1113,2022-07-29T00:00:36.394Z,/sonometros,NoiseLevelObserved,T248676-daily,59.8,61.0,63.1,61.3,54.5,2022-07-28
1114,2022-07-30T00:44:08.468Z,/sonometros,NoiseLevelObserved,T248676-daily,59.4,60.4,64.0,60.0,56.8,2022-07-29
1115,2022-07-31T00:00:43.365Z,/sonometros,NoiseLevelObserved,T248676-daily,57.7,58.1,62.9,60.0,55.9,2022-07-30
1116,2022-08-01T00:02:46.704Z,/sonometros,NoiseLevelObserved,T248676-daily,56.7,56.8,62.0,60.2,55.0,2022-07-31
1117,2022-08-02T00:00:49.72Z,/sonometros,NoiseLevelObserved,T248676-daily,58.0,59.4,62.1,58.5,54.2,2022-08-01
1118,2022-08-03T00:00:52.763Z,/sonometros,NoiseLevelObserved,T248676-daily,57.7,59.1,61.9,57.8,54.1,2022-08-02
1119,2022-08-04T00:00:54.917Z,/sonometros,NoiseLevelObserved,T248676-daily,58.3,59.5,62.7,57.7,55.4,2022-08-03
1120,2022-08-05T00:00:57.980Z,/sonometros,NoiseLevelObserved,T248676-daily,57.5,58.8,61.3,58.9,53.1,2022-08-04
1121,2022-08-06T00:00:02.470Z,/sonometros,NoiseLevelObserved,T248676-daily,58.5,59.8,61.9,59.4,53.6,2022-08-05
1122,2022-08-07T00:00:05.151Z,/sonometros,NoiseLevelObserved,T248676-daily,57.1,57.4,62.4,59.7,55.5,2022-08-06
1123,2022-08-08T00:00:08.43Z,/sonometros,NoiseLevelObserved,T248676-daily,56.3,56.2,62.3,58.1,55.9,2022-08-07
1124,2022-08-09T00:00:11.267Z,/sonometros,NoiseLevelObserved,T248676-daily,59.4,61.2,61.8,57.3,52.6,2022-08-08
1125,2022-08-10T00:00:14.304Z,/sonometros,NoiseLevelObserved,T248676-daily,56.8,57.8,61.4,57.3,54.1,2022-08-09
1126,2022-08-11T00:00:18.679Z,/sonometros,NoiseLevelObserved,T248676-daily,59.3,61.2,62.1,57.2,53.1,2022-08-10
1127,2022-08-12T00:00:20.689Z,/sonometros,NoiseLevelObserved,T248676-daily,58.6,60.3,61.7,57.5,53.1,2022-08-11
1128,2022-08-13T00:00:22.752Z,/sonometros,NoiseLevelObserved,T248676-daily,56.7,57.6,61.1,58.1,53.7,2022-08-12
1129,2022-08-14T00:00:25.809Z,/sonometros,NoiseLevelObserved,T248676-daily,55.7,54.5,62.9,56.5,57.0,2022-08-13
1130,2022-08-15T00:00:29.75Z,/sonometros,NoiseLevelObserved,T248676-daily,57.1,56.3,64.2,57.0,58.3,2022-08-14
1131,2022-08-16T00:00:32.24Z,/sonometros,NoiseLevelObserved,T248676-daily,55.2,55.9,59.9,58.1,52.2,2022-08-15
1132,2022-08-17T00:00:35.102Z,/sonometros,NoiseLevelObserved,T248676-daily,55.9,56.9,60.4,56.0,53.3,2022-08-16
1133,2022-08-18T00:00:38.248Z,/sonometros,NoiseLevelObserved,T248676-daily,56.9,58.6,60.0,56.6,51.3,2022-08-17
1134,2022-08-19T00:00:43.59Z,/sonometros,NoiseLevelObserved,T248676-daily,56.9,56.6,63.2,58.0,57.0,2022-08-18
1135,2022-08-20T00:00:44.887Z,/sonometros,NoiseLevelObserved,T248676-daily,55.8,56.7,59.9,58.6,51.9,2022-08-19
1136,2022-08-21T00:00:47.176Z,/sonometros,NoiseLevelObserved,T248676-daily,55.4,55.1,61.2,58.7,54.6,2022-08-20
1137,2022-08-22T00:00:50.208Z,/sonometros,NoiseLevelObserved,T248676-daily,55.7,55.0,62.5,58.0,56.0,2022-08-21
1138,2022-08-23T00:00:53.228Z,/sonometros,NoiseLevelObserved,T248676-daily,56.0,57.2,60.4,56.8,52.8,2022-08-22
1139,2022-08-24T00:00:56.459Z,/sonometros,NoiseLevelObserved,T248676-daily,58.2,59.6,60.9,59.9,51.2,2022-08-23
1140,2022-08-25T00:00:01.58Z,/sonometros,NoiseLevelObserved,T248676-daily,56.5,57.5,60.8,56.9,53.6,2022-08-24
1141,2022-08-26T00:00:03.314Z,/sonometros,NoiseLevelObserved,T248676-daily,56.7,58.3,59.8,56.7,51.1,2022-08-25
1142,2022-08-27T03:39:02.588Z,/sonometros,NoiseLevelObserved,T248676-daily,57.3,58.9,60.7,57.6,52.2,2022-08-26
1143,2022-08-28T00:00:17.498Z,/sonometros,NoiseLevelObserved,T248676-daily,55.5,55.9,61.0,57.1,54.3,2022-08-27
1144,2022-08-29T00:00:16.128Z,/sonometros,NoiseLevelObserved,T248676-daily,56.9,55.1,63.9,61.5,57.2,2022-08-28
1145,2022-08-30T00:00:23.200Z,/sonometros,NoiseLevelObserved,T248676-daily,57.2,58.4,61.3,57.8,53.7,2022-08-29
1146,2022-09-29T00:00:21.649Z,/sonometros,NoiseLevelObserved,T248676-daily,75.3,76.4,75.4,57.3,53.2,2022-09-28
1147,2022-09-30T00:00:23.604Z,/sonometros,NoiseLevelObserved,T248676-daily,58.7,60.3,61.6,58.5,52.8,2022-09-29
1148,2022-10-01T00:00:26.322Z,/sonometros,NoiseLevelObserved,T248676-daily,59.9,61.0,64.2,59.8,56.9,2022-09-30
1149,2022-10-02T00:00:29.208Z,/sonometros,NoiseLevelObserved,T248676-daily,58.8,59.0,64.7,59.3,58.3,2022-10-01
1150,2022-10-03T00:00:31.969Z,/sonometros,NoiseLevelObserved,T248676-daily,57.7,57.8,63.9,57.7,57.6,2022-10-02
1151,2022-10-04T00:00:34.699Z,/sonometros,NoiseLevelObserved,T248676-daily,63.0,65.1,64.1,57.1,52.2,2022-10-03
1152,2022-10-05T00:00:39.191Z,/sonometros,NoiseLevelObserved,T248676-daily,59.4,61.1,62.0,57.8,53.1,2022-10-04
1153,2022-10-06T00:00:40.430Z,/sonometros,NoiseLevelObserved,T248676-daily,60.1,61.9,62.3,58.3,52.6,2022-10-05
1154,2022-10-07T00:00:43.84Z,/sonometros,NoiseLevelObserved,T248676-daily,59.9,61.6,62.5,59.0,53.4,2022-10-06
1155,2022-10-08T00:00:46.166Z,/sonometros,NoiseLevelObserved,T248676-daily,60.6,62.1,63.6,59.5,55.3,2022-10-07
1156,2022-10-09T00:01:49.114Z,/sonometros,NoiseLevelObserved,T248676-daily,59.9,60.5,65.4,59.9,58.9,2022-10-08
1157,2022-10-10T00:00:51.446Z,/sonometros,NoiseLevelObserved,T248676-daily,60.1,59.2,67.5,55.9,61.8,2022-10-09
1158,2022-10-11T00:00:54.93Z,/sonometros,NoiseLevelObserved,T248676-daily,59.8,61.5,62.1,59.0,52.6,2022-10-10
1159,2022-10-12T00:00:57.727Z,/sonometros,NoiseLevelObserved,T248676-daily,60.3,62.0,62.9,59.2,53.8,2022-10-11
1160,2022-10-13T00:00:00.644Z,/sonometros,NoiseLevelObserved,T248676-daily,57.8,58.4,63.1,56.7,56.6,2022-10-12
1161,2022-10-14T00:00:04.685Z,/sonometros,NoiseLevelObserved,T248676-daily,60.5,62.3,62.8,59.1,53.3,2022-10-13
1162,2022-10-15T00:00:06.182Z,/sonometros,NoiseLevelObserved,T248676-daily,59.8,61.4,62.6,59.9,53.5,2022-10-14
1163,2022-10-16T00:00:08.91Z,/sonometros,NoiseLevelObserved,T248676-daily,60.5,61.0,65.5,62.5,58.4,2022-10-15
1164,2022-10-17T00:00:12.374Z,/sonometros,NoiseLevelObserved,T248676-daily,57.5,57.7,63.2,58.8,56.7,2022-10-16
1165,2022-10-18T00:00:14.499Z,/sonometros,NoiseLevelObserved,T248676-daily,59.6,61.4,61.6,58.9,51.1,2022-10-17
1166,2022-10-19T00:00:17.661Z,/sonometros,NoiseLevelObserved,T248676-daily,59.5,61.3,61.8,59.0,51.9,2022-10-18
1167,2022-10-20T00:00:19.254Z,/sonometros,NoiseLevelObserved,T248676-daily,60.6,62.4,63.0,59.3,53.6,2022-10-19
1168,2022-10-21T00:00:22.231Z,/sonometros,NoiseLevelObserved,T248676-daily,60.9,62.6,63.4,60.1,54.0,2022-10-20
1169,2022-10-22T00:00:25.335Z,/sonometros,NoiseLevelObserved,T248676-daily,61.0,61.7,66.1,60.2,59.4,2022-10-21
1170,2022-10-23T00:00:27.716Z,/sonometros,NoiseLevelObserved,T248676-daily,59.0,59.4,64.2,61.4,57.2,2022-10-22
1171,2022-10-24T00:00:31.253Z,/sonometros,NoiseLevelObserved,T248676-daily,58.5,58.0,65.3,57.7,59.3,2022-10-23
1172,2022-10-25T00:00:33.331Z,/sonometros,NoiseLevelObserved,T248676-daily,59.4,61.0,61.5,60.0,50.9,2022-10-24
1173,2022-10-26T00:00:36.129Z,/sonometros,NoiseLevelObserved,T248676-daily,59.6,61.4,61.7,58.7,51.5,2022-10-25
1174,2022-10-27T00:00:38.937Z,/sonometros,NoiseLevelObserved,T248676-daily,60.2,62.0,62.4,58.7,52.8,2022-10-26
1175,2022-10-28T00:01:41.522Z,/sonometros,NoiseLevelObserved,T248676-daily,60.3,61.9,62.9,60.8,53.4,2022-10-27
1176,2022-10-29T00:00:44.660Z,/sonometros,NoiseLevelObserved,T248676-daily,60.0,61.5,63.0,60.5,54.3,2022-10-28
1177,2022-10-30T00:00:48.285Z,/sonometros,NoiseLevelObserved,T248676-daily,58.9,59.0,64.8,59.9,58.3,2022-10-29
1178,2022-10-31T00:00:50.212Z,/sonometros,NoiseLevelObserved,T248676-daily,58.4,59.7,63.0,56.8,55.7,2022-10-30
1179,2022-11-01T00:00:52.536Z,/sonometros,NoiseLevelObserved,T248676-daily,59.9,61.0,63.4,62.0,55.0,2022-10-31
1180,2022-11-02T00:00:55.505Z,/sonometros,NoiseLevelObserved,T248676-daily,58.0,57.8,64.6,56.0,58.6,2022-11-01
1213,2022-11-11T07:00:28.398Z,/sonometros,NoiseLevelObserved,T248676-daily,59.74,60.61,64.46,61.51,56.5,2022-11-10
1214,2022-11-12T07:00:25.147Z,/sonometros,NoiseLevelObserved,T248676-daily,61.66,63.15,65.92,60.99,58.27,2022-11-11
1215,2022-11-13T07:00:21.363Z,/sonometros,NoiseLevelObserved,T248676-daily,60.41,60.68,66.15,61.45,59.28,2022-11-12
1216,2022-11-14T07:00:28.894Z,/sonometros,NoiseLevelObserved,T248676-daily,56.58,57.89,60.34,57.84,51.38,2022-11-13
1217,2022-11-15T07:00:24.955Z,/sonometros,NoiseLevelObserved,T248676-daily,59.47,61.32,62.25,59.75,51.85,2022-11-14
1218,2022-11-16T07:00:26.335Z,/sonometros,NoiseLevelObserved,T248676-daily,59.6,61.16,63.08,60.23,53.97,2022-11-15
1219,2022-11-17T07:00:49.507Z,/sonometros,NoiseLevelObserved,T248676-daily,59.64,61.05,63.07,61.03,53.41,2022-11-16
1220,2022-11-18T07:00:42.916Z,/sonometros,NoiseLevelObserved,T248676-daily,59.5,60.8,63.53,60.38,55.13,2022-11-17
1221,2022-11-19T07:00:46.837Z,/sonometros,NoiseLevelObserved,T248676-daily,60.16,61.43,64.27,60.95,56.02,2022-11-18
1222,2022-11-20T07:00:43.6Z,/sonometros,NoiseLevelObserved,T248676-daily,57.39,57.8,62.83,58.65,55.71,2022-11-19
1223,2022-11-21T07:00:51.345Z,/sonometros,NoiseLevelObserved,T248676-daily,56.05,56.9,61.08,56.69,53.79,2022-11-20
1224,2022-11-22T07:00:29.871Z,/sonometros,NoiseLevelObserved,T248676-daily,60.28,62.61,62.23,58.38,50.79,2022-11-21
1225,2022-11-23T07:00:26.862Z,/sonometros,NoiseLevelObserved,T248676-daily,59.12,61.12,61.77,58.63,51.56,2022-11-22
1258,2022-11-24T07:00:21.267Z,/sonometros,NoiseLevelObserved,T248676-daily,59.47,60.89,62.51,59.33,53.36,2022-11-23
1259,2022-11-25T07:00:26.91Z,/sonometros,NoiseLevelObserved,T248676-daily,60.11,60.73,65.64,60.37,58.79,2022-11-24
1260,2022-11-26T07:00:18.854Z,/sonometros,NoiseLevelObserved,T248676-daily,60.29,61.56,64.56,60.8,56.6,2022-11-25
1261,2022-11-27T07:00:20.241Z,/sonometros,NoiseLevelObserved,T248676-daily,58.68,58.34,64.62,60.88,57.63,2022-11-26
1262,2022-11-28T07:00:22.736Z,/sonometros,NoiseLevelObserved,T248676-daily,56.71,57.47,61.46,58.31,53.64,2022-11-27
1263,2022-11-29T07:00:20.772Z,/sonometros,NoiseLevelObserved,T248676-daily,58.61,60.39,61.98,58.19,53.16,2022-11-28
1264,2022-11-30T07:00:21.796Z,/sonometros,NoiseLevelObserved,T248676-daily,60.06,61.46,62.87,60.29,53.09,2022-11-29
1265,2022-12-01T07:00:23.51Z,/sonometros,NoiseLevelObserved,T248676-daily,59.97,61.87,63.02,59.38,53.71,2022-11-30
1266,2022-12-02T07:00:20.630Z,/sonometros,NoiseLevelObserved,T248676-daily,60.4,61.98,64,60.68,55.26,2022-12-01
1267,2022-12-03T07:00:22.894Z,/sonometros,NoiseLevelObserved,T248676-daily,61.43,62.74,65.71,61.72,57.83,2022-12-02
1268,2022-12-04T07:00:19.824Z,/sonometros,NoiseLevelObserved,T248676-daily,59.4,59.42,64.73,60.49,57.71,2022-12-03
1269,2022-12-05T07:00:24.158Z,/sonometros,NoiseLevelObserved,T248676-daily,56.92,57.62,61.75,58.5,54.03,2022-12-04
1270,2022-12-06T07:00:24.475Z,/sonometros,NoiseLevelObserved,T248676-daily,59.43,61.09,62.74,59.86,53.42,2022-12-05
1271,2022-12-07T07:00:32.534Z,/sonometros,NoiseLevelObserved,T248676-daily,57.29,57.77,61.72,60.14,52.89,2022-12-06
1272,2022-12-08T07:00:23.758Z,/sonometros,NoiseLevelObserved,T248676-daily,60.41,61.89,63.88,61.42,54.55,2022-12-07
1273,2022-12-09T07:00:27.968Z,/sonometros,NoiseLevelObserved,T248676-daily,58.45,58.82,63.43,60.72,55.6,2022-12-08
1274,2022-12-10T07:00:23.360Z,/sonometros,NoiseLevelObserved,T248676-daily,61.6,63.33,64.69,61.97,54.98,2022-12-09
1275,2022-12-11T07:00:25.985Z,/sonometros,NoiseLevelObserved,T248676-daily,58.55,58.48,64.28,60.57,57.19,2022-12-10
1276,2022-12-12T07:01:12.486Z,/sonometros,NoiseLevelObserved,T248676-daily,57.53,58.81,61.61,58.42,53.27,2022-12-11
1277,2022-12-13T07:00:48.116Z,/sonometros,NoiseLevelObserved,T248676-daily,59.88,61.81,62.42,60.02,51.43,2022-12-12
1278,2022-12-14T07:00:48.741Z,/sonometros,NoiseLevelObserved,T248676-daily,59.85,61.22,62.55,60.31,52.38,2022-12-13
1279,2022-12-16T07:00:46.802Z,/sonometros,NoiseLevelObserved,T248676-daily,60.21,61.98,63.27,60.48,53.54,2022-12-15
1280,2022-12-17T07:00:41.437Z,/sonometros,NoiseLevelObserved,T248676-daily,61.04,62.16,65.35,62.1,57.25,2022-12-16
1281,2022-12-18T07:00:36.63Z,/sonometros,NoiseLevelObserved,T248676-daily,60.72,60.66,66.65,62.25,59.81,2022-12-17
1282,2022-12-19T07:00:45.487Z,/sonometros,NoiseLevelObserved,T248676-daily,57.59,58.36,62.22,59.36,54.22,2022-12-18
1283,2022-12-20T07:00:46.924Z,/sonometros,NoiseLevelObserved,T248676-daily,60.07,61.49,63,60.95,52.85,2022-12-19
1284,2022-12-21T07:00:47.552Z,/sonometros,NoiseLevelObserved,T248676-daily,59.58,61.17,62.71,60.6,52.66,2022-12-20
1285,2022-12-24T07:00:31.154Z,/sonometros,NoiseLevelObserved,T248676-daily,62.2,61.37,69.22,62.47,63.1,2022-12-23
1286,2022-12-25T07:00:31.668Z,/sonometros,NoiseLevelObserved,T248676-daily,57.96,58.92,62.59,59.06,54.81,2022-12-24
1287,2022-12-26T07:00:33.346Z,/sonometros,NoiseLevelObserved,T248676-daily,56.49,56.8,61.26,60.54,51.82,2022-12-25
1288,2022-12-27T07:00:40.385Z,/sonometros,NoiseLevelObserved,T248676-daily,59.11,60.15,62.75,61.45,52.83,2022-12-26
1289,2022-12-28T07:00:32.484Z,/sonometros,NoiseLevelObserved,T248676-daily,58.95,60.15,62.56,60.87,52.9,2022-12-27
1290,2022-12-29T07:00:32.572Z,/sonometros,NoiseLevelObserved,T248676-daily,59.53,60.99,63.02,60.61,53.67,2022-12-28
1291,2022-12-30T07:00:31.337Z,/sonometros,NoiseLevelObserved,T248676-daily,59.13,60.21,63.11,60.93,54.2,2022-12-29
1292,2022-12-31T07:00:27.517Z,/sonometros,NoiseLevelObserved,T248676-daily,59.06,60.53,62.94,60.45,53.96,2022-12-30
1293,2023-01-01T07:00:41.493Z,/sonometros,NoiseLevelObserved,T248676-daily,59.7,59.09,67.13,56.29,61.38,2022-12-31
1294,2023-01-02T07:00:52.661Z,/sonometros,NoiseLevelObserved,T248676-daily,56.13,60.11,61.03,57.71,51.29,2023-01-01
1295,2023-01-03T07:00:49.738Z,/sonometros,NoiseLevelObserved,T248676-daily,58.03,59.4,61.58,59.37,52.21,2023-01-02
1296,2023-01-04T07:00:51.623Z,/sonometros,NoiseLevelObserved,T248676-daily,59.1,60.78,62.06,60.01,51.63,2023-01-03
1297,2023-01-05T07:00:39.392Z,/sonometros,NoiseLevelObserved,T248676-daily,58.95,60.48,62.22,60.03,52.43,2023-01-04
1298,2023-01-06T07:00:34.391Z,/sonometros,NoiseLevelObserved,T248676-daily,59.82,60.96,64.16,60.8,56.12,2023-01-05
1299,2023-01-07T07:00:37.336Z,/sonometros,NoiseLevelObserved,T248676-daily,56.89,58.39,61.94,57.97,54.29,2023-01-06
1300,2023-01-08T07:00:34.101Z,/sonometros,NoiseLevelObserved,T248676-daily,60.4,59.61,66.42,63.31,59.29,2023-01-07
1301,2023-01-09T07:00:42.781Z,/sonometros,NoiseLevelObserved,T248676-daily,56.45,57.03,61.57,57.91,54.15,2023-01-08
1302,2023-01-10T07:00:43.189Z,/sonometros,NoiseLevelObserved,T248676-daily,58.98,60.81,61.97,58.96,52.26,2023-01-09
1303,2023-01-11T07:00:47.493Z,/sonometros,NoiseLevelObserved,T248676-daily,58.7,60.5,61.37,59.35,50.34,2023-01-10
1304,2023-01-12T07:00:45.843Z,/sonometros,NoiseLevelObserved,T248676-daily,59.26,61.12,62.32,58.93,52.91,2023-01-11
1305,2023-01-13T07:00:42.151Z,/sonometros,NoiseLevelObserved,T248676-daily,58.94,60.56,62.29,60.68,51.88,2023-01-12
1306,2023-01-14T07:00:47.424Z,/sonometros,NoiseLevelObserved,T248676-daily,59.67,60.94,63.67,60.7,55.19,2023-01-13
1307,2023-01-15T07:00:47.843Z,/sonometros,NoiseLevelObserved,T248676-daily,58.47,58.65,64.25,59.64,57.39,2023-01-14
1308,2023-01-16T07:01:00.893Z,/sonometros,NoiseLevelObserved,T248676-daily,57.15,57.7,60.45,57.66,51.87,2023-01-15
1309,2023-01-17T07:00:49.687Z,/sonometros,NoiseLevelObserved,T248676-daily,58.8,60.55,62.17,58.59,53.26,2023-01-16
1310,2023-01-18T07:00:52.110Z,/sonometros,NoiseLevelObserved,T248676-daily,60.01,62.19,62.37,58.64,51.93,2023-01-17
1311,2023-01-19T07:00:55.251Z,/sonometros,NoiseLevelObserved,T248676-daily,57.57,59.45,61.04,58.08,51.74,2023-01-18
1312,2023-01-20T07:00:50.255Z,/sonometros,NoiseLevelObserved,T248676-daily,59,60.53,63.22,59.51,55.08,2023-01-19
1313,2023-01-21T07:00:21.208Z,/sonometros,NoiseLevelObserved,T248676-daily,60.82,62.17,65.22,60.58,57.6,2023-01-20
1314,2023-01-22T07:00:21.189Z,/sonometros,NoiseLevelObserved,T248676-daily,58.69,59.83,63.43,58.73,56.05,2023-01-21
1315,2023-01-23T07:00:23.482Z,/sonometros,NoiseLevelObserved,T248676-daily,55.3,56.77,59.07,55.81,50.49,2023-01-22
1316,2023-01-24T07:00:24.40Z,/sonometros,NoiseLevelObserved,T248676-daily,58.76,60.14,61.92,55.44,54.15,2023-01-23
1317,2023-01-25T07:00:22.296Z,/sonometros,NoiseLevelObserved,T248676-daily,58.56,60.43,61.28,58.76,50.77,2023-01-24
1318,2023-01-26T07:00:22.801Z,/sonometros,NoiseLevelObserved,T248676-daily,60.88,60.92,65.42,61.61,58.04,2023-01-25
1319,2023-01-27T07:00:22.765Z,/sonometros,NoiseLevelObserved,T248676-daily,59.73,60.77,63.56,61.85,54.19,2023-01-26
1320,2023-01-28T07:00:21.180Z,/sonometros,NoiseLevelObserved,T248676-daily,60.13,61.48,63.82,61.37,54.76,2023-01-27
1321,2023-01-29T07:00:22.314Z,/sonometros,NoiseLevelObserved,T248676-daily,57.74,57.99,63.09,59.67,55.74,2023-01-28
1322,2023-01-30T07:00:23.163Z,/sonometros,NoiseLevelObserved,T248676-daily,56.53,57.75,60.32,58.11,51.24,2023-01-29
1323,2023-01-31T07:00:22.377Z,/sonometros,NoiseLevelObserved,T248676-daily,59.03,60.83,61.99,59.26,52.08,2023-01-30
1356,2023-02-01T07:00:22.68Z,/sonometros,NoiseLevelObserved,T248676-daily,59.27,60.63,62.32,61.33,50.96,2023-01-31
1357,2023-02-02T07:00:25.249Z,/sonometros,NoiseLevelObserved,T248676-daily,58.81,60.5,61.89,59.46,51.95,2023-02-01
1358,2023-02-03T07:00:21.537Z,/sonometros,NoiseLevelObserved,T248676-daily,60.07,61.56,63.23,61.49,52.93,2023-02-02
1359,2023-02-04T07:00:22.675Z,/sonometros,NoiseLevelObserved,T248676-daily,60.51,61.7,65.09,60.69,57.53,2023-02-03
1360,2023-02-05T07:00:23.580Z,/sonometros,NoiseLevelObserved,T248676-daily,61.56,63.51,64.59,60.71,55.36,2023-02-04
1361,2023-02-06T07:00:35.882Z,/sonometros,NoiseLevelObserved,T248676-daily,55.89,56.94,60.06,57.47,51.56,2023-02-05
1362,2023-02-07T07:00:42.955Z,/sonometros,NoiseLevelObserved,T248676-daily,60.59,62.96,63.15,60.14,52.07,2023-02-06
1395,2023-02-08T07:00:42.335Z,/sonometros,NoiseLevelObserved,T248676-daily,60.04,61.68,62.76,61.4,51.09,2023-02-07
1396,2023-02-09T07:00:37.753Z,/sonometros,NoiseLevelObserved,T248676-daily,61.33,63.41,63.73,60.71,52.91,2023-02-08
1397,2023-02-10T07:00:40.486Z,/sonometros,NoiseLevelObserved,T248676-daily,60.94,63.23,63.85,60.29,53.9,2023-02-09
1398,2023-02-11T07:00:29.683Z,/sonometros,NoiseLevelObserved,T248676-daily,62.01,63.57,65.9,61.85,57.71,2023-02-10
1399,2023-02-12T07:00:28.85Z,/sonometros,NoiseLevelObserved,T248676-daily,59.14,60.27,63.69,59.69,56.01,2023-02-11
1400,2023-02-13T07:00:46.914Z,/sonometros,NoiseLevelObserved,T248676-daily,56.47,57.69,60.76,57.18,52.76,2023-02-12
1401,2023-02-15T07:00:57.251Z,/sonometros,NoiseLevelObserved,T248676-daily,59.13,60.98,63.06,61.17,53.31,2023-02-14
1402,2023-02-16T07:00:56.152Z,/sonometros,NoiseLevelObserved,T248676-daily,61.02,63.12,63.41,60.29,52.62,2023-02-15
1403,2023-02-17T07:00:52.465Z,/sonometros,NoiseLevelObserved,T248676-daily,59.71,60.9,63.85,60.84,55.51,2023-02-16
1404,2023-02-18T07:00:36.182Z,/sonometros,NoiseLevelObserved,T248676-daily,59.29,60.51,63.97,60.84,55.93,2023-02-17
1405,2023-02-19T07:00:40.928Z,/sonometros,NoiseLevelObserved,T248676-daily,60.79,59.25,68.59,62.25,62.54,2023-02-18
1406,2023-02-20T07:00:44.307Z,/sonometros,NoiseLevelObserved,T248676-daily,56.3,58.76,61.5,57.75,53.41,2023-02-19
1407,2023-02-21T07:00:22.755Z,/sonometros,NoiseLevelObserved,T248676-daily,58.41,60.38,62.81,59.11,54.52,2023-02-20
1408,2023-02-24T07:00:24.771Z,/sonometros,NoiseLevelObserved,T248676-daily,59.81,61.19,63.3,61.18,53.78,2023-02-23
1409,2023-02-25T07:00:25.435Z,/sonometros,NoiseLevelObserved,T248676-daily,60.06,60.23,65.52,62.22,58.16,2023-02-24
1410,2023-02-26T07:00:23.883Z,/sonometros,NoiseLevelObserved,T248676-daily,58.41,58.35,64.01,60.59,56.78,2023-02-25
1411,2023-02-27T07:00:37.349Z,/sonometros,NoiseLevelObserved,T248676-daily,58.68,60.56,61.57,58.53,51.71,2023-02-26
1412,2023-02-28T07:00:41.775Z,/sonometros,NoiseLevelObserved,T248676-daily,58.13,59.98,61,58.25,50.93,2023-02-27
1413,2023-03-01T07:00:42.438Z,/sonometros,NoiseLevelObserved,T248676-daily,60.1,62.03,61.79,58.31,50.34,2023-02-28
1414,2023-03-02T07:00:41.901Z,/sonometros,NoiseLevelObserved,T248676-daily,61.59,63.56,63.33,59.39,52.27,2023-03-01
1415,2023-03-03T07:00:45.216Z,/sonometros,NoiseLevelObserved,T248676-daily,61.59,61.62,65.5,65.82,53.87,2023-03-02
1416,2023-03-04T07:00:41.77Z,/sonometros,NoiseLevelObserved,T248676-daily,62.13,62.19,66.61,64.82,58.15,2023-03-03
1417,2023-03-05T07:00:44.63Z,/sonometros,NoiseLevelObserved,T248676-daily,68.42,63.4,74.63,74.27,66.23,2023-03-04
1418,2023-03-06T07:00:40.72Z,/sonometros,NoiseLevelObserved,T248676-daily,61.48,65.02,66.08,65.26,53.27,2023-03-05
1419,2023-03-07T07:00:43.42Z,/sonometros,NoiseLevelObserved,T248676-daily,61.77,63.7,63.29,60.23,50.92,2023-03-06
1420,2023-03-08T07:00:37.99Z,/sonometros,NoiseLevelObserved,T248676-daily,62.39,63.49,65.34,60.61,57.12,2023-03-07
1421,2023-03-09T07:00:43.329Z,/sonometros,NoiseLevelObserved,T248676-daily,63.01,64.78,64.8,60.58,54.42,2023-03-08
1422,2023-03-10T07:00:43.533Z,/sonometros,NoiseLevelObserved,T248676-daily,62.21,63.49,66.9,61.62,59.61,2023-03-09
1423,2023-03-11T07:00:39.527Z,/sonometros,NoiseLevelObserved,T248676-daily,67.92,68.8,72.03,70.54,62.73,2023-03-10
1424,2023-03-13T07:00:42.334Z,/sonometros,NoiseLevelObserved,T248676-daily,65.45,65.79,68.17,68.8,53,2023-03-12
1425,2023-03-14T07:00:54.981Z,/sonometros,NoiseLevelObserved,T248676-daily,64.95,65.48,68.06,68.97,51.6,2023-03-13
1426,2023-03-15T07:01:02.153Z,/sonometros,NoiseLevelObserved,T248676-daily,67.6,65.05,74.86,70.35,68.49,2023-03-14
1427,2023-03-16T07:00:47.733Z,/sonometros,NoiseLevelObserved,T248676-daily,71.93,67.32,80.75,75.76,74.65,2023-03-15
1428,2023-03-17T07:00:56.109Z,/sonometros,NoiseLevelObserved,T248676-daily,73.62,70.73,79.76,78.05,72.22,2023-03-16
1429,2023-03-18T07:00:52.373Z,/sonometros,NoiseLevelObserved,T248676-daily,83.79,87.21,86.75,81.22,76.28,2023-03-17
1430,2023-03-19T07:00:47.247Z,/sonometros,NoiseLevelObserved,T248676-daily,77.62,76.4,83.6,80.28,76.6,2023-03-18
1431,2023-03-20T07:00:57.435Z,/sonometros,NoiseLevelObserved,T248676-daily,76.43,76.21,81.58,79.74,73.46,2023-03-19
1432,2023-03-21T07:00:52.940Z,/sonometros,NoiseLevelObserved,T248676-daily,59.97,62.16,62.5,58.24,52.62,2023-03-20
1433,2023-03-22T07:00:53.370Z,/sonometros,NoiseLevelObserved,T248676-daily,59.83,61.69,63.16,61.02,53.03,2023-03-21
1434,2023-03-23T07:00:42.619Z,/sonometros,NoiseLevelObserved,T248676-daily,60.17,62.1,63.15,59.57,53.71,2023-03-22
1435,2023-03-24T07:00:49.651Z,/sonometros,NoiseLevelObserved,T248676-daily,62.05,64.5,64.39,61.51,52.55,2023-03-23
1436,2023-03-25T07:00:48.237Z,/sonometros,NoiseLevelObserved,T248676-daily,59.88,61.02,64.03,61.17,55.63,2023-03-24
1437,2023-03-27T06:00:47.669Z,/sonometros,NoiseLevelObserved,T248676-daily,56.42,57.41,60.11,58.87,50.2,2023-03-26
1438,2023-03-28T06:00:51.920Z,/sonometros,NoiseLevelObserved,T248676-daily,58.51,61.27,61.66,59.04,50.55,2023-03-27
1439,2023-03-29T06:00:44.492Z,/sonometros,NoiseLevelObserved,T248676-daily,59.1,60.64,62.15,60.49,51.56,2023-03-28
1440,2023-03-30T06:00:59.245Z,/sonometros,NoiseLevelObserved,T248676-daily,59.88,60.57,64.63,60.84,57.1,2023-03-29
1441,2023-03-31T06:00:48.938Z,/sonometros,NoiseLevelObserved,T248676-daily,59.06,60.33,62.89,60.37,54.01,2023-03-30
1442,2023-04-01T06:00:37.857Z,/sonometros,NoiseLevelObserved,T248676-daily,60.16,60.36,65.78,61.79,58.7,2023-03-31
1443,2023-04-02T06:00:51.775Z,/sonometros,NoiseLevelObserved,T248676-daily,58.23,58.17,63.68,60.74,56.21,2023-04-01
1444,2023-04-03T06:00:44.566Z,/sonometros,NoiseLevelObserved,T248676-daily,56.88,56.47,60.63,59.44,51.55,2023-04-02
1445,2023-04-04T06:00:45.879Z,/sonometros,NoiseLevelObserved,T248676-daily,59.35,60.09,61.72,59.62,51.73,2023-04-03
1446,2023-04-05T06:00:44.324Z,/sonometros,NoiseLevelObserved,T248676-daily,58.98,60.67,61.96,59.77,51.68,2023-04-04
1447,2023-04-06T06:00:46.383Z,/sonometros,NoiseLevelObserved,T248676-daily,59.83,61.56,63.07,59.98,53.76,2023-04-05
1448,2023-04-07T06:00:41.132Z,/sonometros,NoiseLevelObserved,T248676-daily,58.92,60.35,63.12,60.38,54.51,2023-04-06
1449,2023-04-09T06:00:43.234Z,/sonometros,NoiseLevelObserved,T248676-daily,58.09,57.75,63.42,61.34,55.54,2023-04-08
1450,2023-04-10T06:00:44.97Z,/sonometros,NoiseLevelObserved,T248676-daily,56.61,57.33,61.08,58.78,52.69,2023-04-09
1451,2023-04-11T06:00:42.556Z,/sonometros,NoiseLevelObserved,T248676-daily,56.24,57.32,60.17,58.09,51.15,2023-04-10
1452,2023-04-12T06:00:40.681Z,/sonometros,NoiseLevelObserved,T248676-daily,58.93,60.56,62.15,59.6,52.52,2023-04-11
1453,2023-04-13T06:00:37.813Z,/sonometros,NoiseLevelObserved,T248676-daily,58.47,60.08,62.79,59.49,54.46,2023-04-12
1454,2023-04-14T06:00:47.626Z,/sonometros,NoiseLevelObserved,T248676-daily,60.21,59.74,64.7,64.6,54.63,2023-04-13
1455,2023-04-15T06:00:37.677Z,/sonometros,NoiseLevelObserved,T248676-daily,63.75,59.35,71.25,67.52,64.78,2023-04-14
1456,2023-04-16T06:00:36.770Z,/sonometros,NoiseLevelObserved,T248676-daily,57.85,58.28,63.79,58.43,57.1,2023-04-15
1457,2023-04-17T06:00:34.969Z,/sonometros,NoiseLevelObserved,T248676-daily,63.75,63.82,67.67,64.74,59.69,2023-04-16
1490,2023-04-18T06:00:27.752Z,/sonometros,NoiseLevelObserved,T248676-daily,59.1,57.15,66.66,58.17,60.87,2023-04-17
1523,2023-04-19T06:00:32.869Z,/sonometros,NoiseLevelObserved,T248676-daily,59.69,61.82,62.44,60.2,51.27,2023-04-18
1524,2023-04-20T06:00:33.329Z,/sonometros,NoiseLevelObserved,T248676-daily,59.77,61.4,62.77,60.78,52.39,2023-04-19
1525,2023-04-27T06:00:33.998Z,/sonometros,NoiseLevelObserved,T248676-daily,58.65,61.65,62.87,60.36,52.82,2023-04-26
1526,2023-04-28T06:00:31.677Z,/sonometros,NoiseLevelObserved,T248676-daily,59.71,61.29,63.23,60.13,54.3,2023-04-27
1527,2023-04-29T06:00:29.639Z,/sonometros,NoiseLevelObserved,T248676-daily,60.45,61.49,65.07,61.25,57.39,2023-04-28
1528,2023-04-30T06:00:28.693Z,/sonometros,NoiseLevelObserved,T248676-daily,58.8,59.27,64.06,60.31,56.75,2023-04-29
1529,2023-05-01T06:00:37.67Z,/sonometros,NoiseLevelObserved,T248676-daily,56.93,57.11,62.08,59.41,54.34,2023-04-30
1530,2023-05-02T06:00:34.363Z,/sonometros,NoiseLevelObserved,T248676-daily,56.57,57.47,60.95,58.31,52.66,2023-05-01
1531,2023-05-03T06:00:30.174Z,/sonometros,NoiseLevelObserved,T248676-daily,60.38,60.56,65.72,62.55,58.27,2023-05-02
